candidate_id,pv_s_scale,svc_q_scale,cap_total_mvar,scenario_index,day_index,t0
100,0.45,0.375,0.0,0,2,192
100,0.45,0.375,0.0,1,3,288
100,0.45,0.375,0.0,2,4,384
100,0.45,0.375,0.0,3,5,480
100,0.45,0.375,0.0,4,6,576
100,0.45,0.375,0.0,5,7,672
100,0.45,0.375,0.0,6,8,768
100,0.45,0.375,0.0,7,10,960
100,0.45,0.375,0.0,8,11,1056
100,0.45,0.375,0.0,9,12,1152
100,0.45,0.375,0.0,10,13,1248
100,0.45,0.375,0.0,11,14,1344
100,0.45,0.375,0.0,12,16,1536
100,0.45,0.375,0.0,13,17,1632
100,0.45,0.375,0.0,14,18,1728
100,0.45,0.375,0.0,15,19,1824
100,0.45,0.375,0.0,16,20,1920
100,0.45,0.375,0.0,17,21,2016
100,0.45,0.375,0.0,18,22,2112
100,0.45,0.375,0.0,19,23,2208
100,0.45,0.375,0.0,20,24,2304
100,0.45,0.375,0.0,21,25,2400
100,0.45,0.375,0.0,22,26,2496
100,0.45,0.375,0.0,23,27,2592
100,0.45,0.375,0.0,24,28,2688
100,0.45,0.375,0.0,25,29,2784
100,0.45,0.375,0.0,26,30,2880
100,0.45,0.375,0.0,27,31,2976
100,0.45,0.375,0.0,28,32,3072
100,0.45,0.375,0.0,29,33,3168
100,0.45,0.375,0.0,30,34,3264
100,0.45,0.375,0.0,31,35,3360
100,0.45,0.375,0.0,32,36,3456
100,0.45,0.375,0.0,33,37,3552
100,0.45,0.375,0.0,34,40,3840
100,0.45,0.375,0.0,35,42,4032
100,0.45,0.375,0.0,36,43,4128
100,0.45,0.375,0.0,37,44,4224
100,0.45,0.375,0.0,38,45,4320
100,0.45,0.375,0.0,39,46,4416
100,0.45,0.375,0.0,40,47,4512
100,0.45,0.375,0.0,41,48,4608
100,0.45,0.375,0.0,42,50,4800
100,0.45,0.375,0.0,43,52,4992
100,0.45,0.375,0.0,44,53,5088
100,0.45,0.375,0.0,45,54,5184
100,0.45,0.375,0.0,46,55,5280
100,0.45,0.375,0.0,47,58,5568
100,0.45,0.375,0.0,48,59,5664
100,0.45,0.375,0.0,49,61,5856
100,0.45,0.375,0.0,50,62,5952
100,0.45,0.375,0.0,51,63,6048
100,0.45,0.375,0.0,52,64,6144
100,0.45,0.375,0.0,53,65,6240
100,0.45,0.375,0.0,54,66,6336
100,0.45,0.375,0.0,55,67,6432
100,0.45,0.375,0.0,56,68,6528
100,0.45,0.375,0.0,57,69,6624
100,0.45,0.375,0.0,58,70,6720
100,0.45,0.375,0.0,59,73,7008
100,0.45,0.375,0.0,60,74,7104
100,0.45,0.375,0.0,61,75,7200
100,0.45,0.375,0.0,62,76,7296
100,0.45,0.375,0.0,63,77,7392
100,0.45,0.375,0.0,64,78,7488
100,0.45,0.375,0.0,65,79,7584
100,0.45,0.375,0.0,66,80,7680
100,0.45,0.375,0.0,67,81,7776
100,0.45,0.375,0.0,68,82,7872
100,0.45,0.375,0.0,69,83,7968
100,0.45,0.375,0.0,70,84,8064
100,0.45,0.375,0.0,71,85,8160
100,0.45,0.375,0.0,72,86,8256
100,0.45,0.375,0.0,73,87,8352
100,0.45,0.375,0.0,74,88,8448
100,0.45,0.375,0.0,75,89,8544
100,0.45,0.375,0.0,76,90,8640
100,0.45,0.375,0.0,77,91,8736
100,0.45,0.375,0.0,78,93,8928
100,0.45,0.375,0.0,79,94,9024
100,0.45,0.375,0.0,80,95,9120
100,0.45,0.375,0.0,81,96,9216
100,0.45,0.375,0.0,82,97,9312
100,0.45,0.375,0.0,83,98,9408
100,0.45,0.375,0.0,84,99,9504
100,0.45,0.375,0.0,85,100,9600
100,0.45,0.375,0.0,86,101,9696
100,0.45,0.375,0.0,87,102,9792
100,0.45,0.375,0.0,88,103,9888
100,0.45,0.375,0.0,89,104,9984
100,0.45,0.375,0.0,90,105,10080
100,0.45,0.375,0.0,91,106,10176
100,0.45,0.375,0.0,92,108,10368
100,0.45,0.375,0.0,93,109,10464
100,0.45,0.375,0.0,94,110,10560
100,0.45,0.375,0.0,95,111,10656
100,0.45,0.375,0.0,96,112,10752
100,0.45,0.375,0.0,97,113,10848
100,0.45,0.375,0.0,98,115,11040
100,0.45,0.375,0.0,99,116,11136
100,0.45,0.375,0.0,100,117,11232
100,0.45,0.375,0.0,101,118,11328
100,0.45,0.375,0.0,102,121,11616
100,0.45,0.375,0.0,103,122,11712
100,0.45,0.375,0.0,104,123,11808
100,0.45,0.375,0.0,105,124,11904
100,0.45,0.375,0.0,106,125,12000
100,0.45,0.375,0.0,107,126,12096
100,0.45,0.375,0.0,108,127,12192
100,0.45,0.375,0.0,109,128,12288
100,0.45,0.375,0.0,110,130,12480
100,0.45,0.375,0.0,111,131,12576
100,0.45,0.375,0.0,112,132,12672
100,0.45,0.375,0.0,113,133,12768
100,0.45,0.375,0.0,114,134,12864
100,0.45,0.375,0.0,115,135,12960
100,0.45,0.375,0.0,116,136,13056
100,0.45,0.375,0.0,117,137,13152
100,0.45,0.375,0.0,118,139,13344
100,0.45,0.375,0.0,119,140,13440
100,0.45,0.375,0.0,120,141,13536
100,0.45,0.375,0.0,121,142,13632
100,0.45,0.375,0.0,122,144,13824
100,0.45,0.375,0.0,123,145,13920
100,0.45,0.375,0.0,124,146,14016
100,0.45,0.375,0.0,125,147,14112
100,0.45,0.375,0.0,126,148,14208
100,0.45,0.375,0.0,127,150,14400
100,0.45,0.375,0.0,128,152,14592
100,0.45,0.375,0.0,129,153,14688
100,0.45,0.375,0.0,130,154,14784
100,0.45,0.375,0.0,131,155,14880
100,0.45,0.375,0.0,132,156,14976
100,0.45,0.375,0.0,133,157,15072
100,0.45,0.375,0.0,134,158,15168
100,0.45,0.375,0.0,135,159,15264
100,0.45,0.375,0.0,136,160,15360
100,0.45,0.375,0.0,137,161,15456
100,0.45,0.375,0.0,138,162,15552
100,0.45,0.375,0.0,139,163,15648
100,0.45,0.375,0.0,140,165,15840
100,0.45,0.375,0.0,141,166,15936
100,0.45,0.375,0.0,142,168,16128
100,0.45,0.375,0.0,143,169,16224
100,0.45,0.375,0.0,144,170,16320
100,0.45,0.375,0.0,145,171,16416
100,0.45,0.375,0.0,146,172,16512
100,0.45,0.375,0.0,147,174,16704
100,0.45,0.375,0.0,148,176,16896
100,0.45,0.375,0.0,149,177,16992
100,0.45,0.375,0.0,150,178,17088
100,0.45,0.375,0.0,151,180,17280
100,0.45,0.375,0.0,152,181,17376
100,0.45,0.375,0.0,153,183,17568
100,0.45,0.375,0.0,154,184,17664
100,0.45,0.375,0.0,155,185,17760
100,0.45,0.375,0.0,156,187,17952
100,0.45,0.375,0.0,157,188,18048
100,0.45,0.375,0.0,158,189,18144
100,0.45,0.375,0.0,159,190,18240
100,0.45,0.375,0.0,160,191,18336
100,0.45,0.375,0.0,161,192,18432
100,0.45,0.375,0.0,162,193,18528
100,0.45,0.375,0.0,163,194,18624
100,0.45,0.375,0.0,164,195,18720
100,0.45,0.375,0.0,165,196,18816
100,0.45,0.375,0.0,166,197,18912
100,0.45,0.375,0.0,167,198,19008
100,0.45,0.375,0.0,168,199,19104
100,0.45,0.375,0.0,169,200,19200
100,0.45,0.375,0.0,170,202,19392
100,0.45,0.375,0.0,171,203,19488
100,0.45,0.375,0.0,172,204,19584
100,0.45,0.375,0.0,173,205,19680
100,0.45,0.375,0.0,174,206,19776
100,0.45,0.375,0.0,175,207,19872
100,0.45,0.375,0.0,176,208,19968
100,0.45,0.375,0.0,177,210,20160
100,0.45,0.375,0.0,178,211,20256
100,0.45,0.375,0.0,179,212,20352
100,0.45,0.375,0.0,180,213,20448
100,0.45,0.375,0.0,181,214,20544
100,0.45,0.375,0.0,182,215,20640
100,0.45,0.375,0.0,183,218,20928
100,0.45,0.375,0.0,184,220,21120
100,0.45,0.375,0.0,185,221,21216
100,0.45,0.375,0.0,186,222,21312
100,0.45,0.375,0.0,187,223,21408
100,0.45,0.375,0.0,188,224,21504
100,0.45,0.375,0.0,189,225,21600
100,0.45,0.375,0.0,190,226,21696
100,0.45,0.375,0.0,191,227,21792
100,0.45,0.375,0.0,192,228,21888
100,0.45,0.375,0.0,193,229,21984
100,0.45,0.375,0.0,194,230,22080
100,0.45,0.375,0.0,195,231,22176
100,0.45,0.375,0.0,196,232,22272
100,0.45,0.375,0.0,197,235,22560
100,0.45,0.375,0.0,198,236,22656
100,0.45,0.375,0.0,199,237,22752
100,0.45,0.375,0.0,200,238,22848
100,0.45,0.375,0.0,201,239,22944
100,0.45,0.375,0.0,202,240,23040
100,0.45,0.375,0.0,203,241,23136
100,0.45,0.375,0.0,204,243,23328
100,0.45,0.375,0.0,205,246,23616
100,0.45,0.375,0.0,206,247,23712
100,0.45,0.375,0.0,207,248,23808
100,0.45,0.375,0.0,208,249,23904
100,0.45,0.375,0.0,209,250,24000
100,0.45,0.375,0.0,210,252,24192
100,0.45,0.375,0.0,211,253,24288
100,0.45,0.375,0.0,212,254,24384
100,0.45,0.375,0.0,213,256,24576
100,0.45,0.375,0.0,214,257,24672
100,0.45,0.375,0.0,215,258,24768
100,0.45,0.375,0.0,216,259,24864
100,0.45,0.375,0.0,217,260,24960
100,0.45,0.375,0.0,218,261,25056
100,0.45,0.375,0.0,219,262,25152
100,0.45,0.375,0.0,220,263,25248
100,0.45,0.375,0.0,221,264,25344
100,0.45,0.375,0.0,222,265,25440
100,0.45,0.375,0.0,223,266,25536
100,0.45,0.375,0.0,224,267,25632
100,0.45,0.375,0.0,225,269,25824
100,0.45,0.375,0.0,226,270,25920
100,0.45,0.375,0.0,227,272,26112
100,0.45,0.375,0.0,228,273,26208
100,0.45,0.375,0.0,229,274,26304
100,0.45,0.375,0.0,230,275,26400
100,0.45,0.375,0.0,231,276,26496
100,0.45,0.375,0.0,232,278,26688
100,0.45,0.375,0.0,233,280,26880
100,0.45,0.375,0.0,234,281,26976
100,0.45,0.375,0.0,235,283,27168
100,0.45,0.375,0.0,236,286,27456
100,0.45,0.375,0.0,237,288,27648
100,0.45,0.375,0.0,238,290,27840
100,0.45,0.375,0.0,239,292,28032
100,0.45,0.375,0.0,240,294,28224
100,0.45,0.375,0.0,241,295,28320
100,0.45,0.375,0.0,242,297,28512
100,0.45,0.375,0.0,243,298,28608
100,0.45,0.375,0.0,244,300,28800
100,0.45,0.375,0.0,245,302,28992
100,0.45,0.375,0.0,246,303,29088
100,0.45,0.375,0.0,247,304,29184
100,0.45,0.375,0.0,248,305,29280
100,0.45,0.375,0.0,249,306,29376
100,0.45,0.375,0.0,250,307,29472
100,0.45,0.375,0.0,251,309,29664
100,0.45,0.375,0.0,252,310,29760
100,0.45,0.375,0.0,253,312,29952
100,0.45,0.375,0.0,254,313,30048
100,0.45,0.375,0.0,255,314,30144
100,0.45,0.375,0.0,256,315,30240
100,0.45,0.375,0.0,257,316,30336
100,0.45,0.375,0.0,258,317,30432
100,0.45,0.375,0.0,259,320,30720
100,0.45,0.375,0.0,260,321,30816
100,0.45,0.375,0.0,261,322,30912
100,0.45,0.375,0.0,262,323,31008
100,0.45,0.375,0.0,263,324,31104
100,0.45,0.375,0.0,264,325,31200
100,0.45,0.375,0.0,265,326,31296
100,0.45,0.375,0.0,266,327,31392
100,0.45,0.375,0.0,267,328,31488
100,0.45,0.375,0.0,268,331,31776
100,0.45,0.375,0.0,269,332,31872
100,0.45,0.375,0.0,270,333,31968
100,0.45,0.375,0.0,271,334,32064
100,0.45,0.375,0.0,272,335,32160
100,0.45,0.375,0.0,273,336,32256
100,0.45,0.375,0.0,274,337,32352
100,0.45,0.375,0.0,275,338,32448
100,0.45,0.375,0.0,276,339,32544
100,0.45,0.375,0.0,277,340,32640
100,0.45,0.375,0.0,278,343,32928
100,0.45,0.375,0.0,279,344,33024
100,0.45,0.375,0.0,280,345,33120
100,0.45,0.375,0.0,281,346,33216
100,0.45,0.375,0.0,282,347,33312
100,0.45,0.375,0.0,283,348,33408
100,0.45,0.375,0.0,284,349,33504
100,0.45,0.375,0.0,285,351,33696
100,0.45,0.375,0.0,286,352,33792
100,0.45,0.375,0.0,287,353,33888
100,0.45,0.375,0.0,288,354,33984
100,0.45,0.375,0.0,289,355,34080
100,0.45,0.375,0.0,290,356,34176
100,0.45,0.375,0.0,291,357,34272
100,0.45,0.375,0.0,292,358,34368
100,0.45,0.375,0.0,293,359,34464
100,0.45,0.375,0.0,294,360,34560
100,0.45,0.375,0.0,295,361,34656
100,0.45,0.375,0.0,296,362,34752
100,0.45,0.375,0.0,297,363,34848
100,0.45,0.375,0.0,298,364,34944
101,0.45,0.375,0.25,0,2,192
101,0.45,0.375,0.25,1,3,288
101,0.45,0.375,0.25,2,4,384
101,0.45,0.375,0.25,3,5,480
101,0.45,0.375,0.25,4,6,576
101,0.45,0.375,0.25,5,7,672
101,0.45,0.375,0.25,6,8,768
101,0.45,0.375,0.25,7,10,960
101,0.45,0.375,0.25,8,11,1056
101,0.45,0.375,0.25,9,12,1152
101,0.45,0.375,0.25,10,13,1248
101,0.45,0.375,0.25,11,14,1344
101,0.45,0.375,0.25,12,16,1536
101,0.45,0.375,0.25,13,17,1632
101,0.45,0.375,0.25,14,18,1728
101,0.45,0.375,0.25,15,19,1824
101,0.45,0.375,0.25,16,20,1920
101,0.45,0.375,0.25,17,21,2016
101,0.45,0.375,0.25,18,22,2112
101,0.45,0.375,0.25,19,23,2208
101,0.45,0.375,0.25,20,24,2304
101,0.45,0.375,0.25,21,25,2400
101,0.45,0.375,0.25,22,26,2496
101,0.45,0.375,0.25,23,27,2592
101,0.45,0.375,0.25,24,28,2688
101,0.45,0.375,0.25,25,29,2784
101,0.45,0.375,0.25,26,30,2880
101,0.45,0.375,0.25,27,31,2976
101,0.45,0.375,0.25,28,32,3072
101,0.45,0.375,0.25,29,33,3168
101,0.45,0.375,0.25,30,34,3264
101,0.45,0.375,0.25,31,35,3360
101,0.45,0.375,0.25,32,36,3456
101,0.45,0.375,0.25,33,37,3552
101,0.45,0.375,0.25,34,40,3840
101,0.45,0.375,0.25,35,42,4032
101,0.45,0.375,0.25,36,43,4128
101,0.45,0.375,0.25,37,44,4224
101,0.45,0.375,0.25,38,45,4320
101,0.45,0.375,0.25,39,46,4416
101,0.45,0.375,0.25,40,47,4512
101,0.45,0.375,0.25,41,48,4608
101,0.45,0.375,0.25,42,50,4800
101,0.45,0.375,0.25,43,52,4992
101,0.45,0.375,0.25,44,53,5088
101,0.45,0.375,0.25,45,54,5184
101,0.45,0.375,0.25,46,55,5280
101,0.45,0.375,0.25,47,58,5568
101,0.45,0.375,0.25,48,59,5664
101,0.45,0.375,0.25,49,61,5856
101,0.45,0.375,0.25,50,62,5952
101,0.45,0.375,0.25,51,63,6048
101,0.45,0.375,0.25,52,64,6144
101,0.45,0.375,0.25,53,65,6240
101,0.45,0.375,0.25,54,66,6336
101,0.45,0.375,0.25,55,67,6432
101,0.45,0.375,0.25,56,68,6528
101,0.45,0.375,0.25,57,69,6624
101,0.45,0.375,0.25,58,70,6720
101,0.45,0.375,0.25,59,73,7008
101,0.45,0.375,0.25,60,74,7104
101,0.45,0.375,0.25,61,75,7200
101,0.45,0.375,0.25,62,76,7296
101,0.45,0.375,0.25,63,77,7392
101,0.45,0.375,0.25,64,78,7488
101,0.45,0.375,0.25,65,79,7584
101,0.45,0.375,0.25,66,80,7680
101,0.45,0.375,0.25,67,81,7776
101,0.45,0.375,0.25,68,82,7872
101,0.45,0.375,0.25,69,83,7968
101,0.45,0.375,0.25,70,84,8064
101,0.45,0.375,0.25,71,85,8160
101,0.45,0.375,0.25,72,86,8256
101,0.45,0.375,0.25,73,87,8352
101,0.45,0.375,0.25,74,88,8448
101,0.45,0.375,0.25,75,89,8544
101,0.45,0.375,0.25,76,90,8640
101,0.45,0.375,0.25,77,91,8736
101,0.45,0.375,0.25,78,93,8928
101,0.45,0.375,0.25,79,94,9024
101,0.45,0.375,0.25,80,95,9120
101,0.45,0.375,0.25,81,96,9216
101,0.45,0.375,0.25,82,97,9312
101,0.45,0.375,0.25,83,98,9408
101,0.45,0.375,0.25,84,99,9504
101,0.45,0.375,0.25,85,100,9600
101,0.45,0.375,0.25,86,101,9696
101,0.45,0.375,0.25,87,102,9792
101,0.45,0.375,0.25,88,103,9888
101,0.45,0.375,0.25,89,104,9984
101,0.45,0.375,0.25,90,105,10080
101,0.45,0.375,0.25,91,106,10176
101,0.45,0.375,0.25,92,108,10368
101,0.45,0.375,0.25,93,109,10464
101,0.45,0.375,0.25,94,110,10560
101,0.45,0.375,0.25,95,111,10656
101,0.45,0.375,0.25,96,112,10752
101,0.45,0.375,0.25,97,113,10848
101,0.45,0.375,0.25,98,115,11040
101,0.45,0.375,0.25,99,116,11136
101,0.45,0.375,0.25,100,117,11232
101,0.45,0.375,0.25,101,118,11328
101,0.45,0.375,0.25,102,121,11616
101,0.45,0.375,0.25,103,122,11712
101,0.45,0.375,0.25,104,123,11808
101,0.45,0.375,0.25,105,124,11904
101,0.45,0.375,0.25,106,125,12000
101,0.45,0.375,0.25,107,126,12096
101,0.45,0.375,0.25,108,127,12192
101,0.45,0.375,0.25,109,128,12288
101,0.45,0.375,0.25,110,130,12480
101,0.45,0.375,0.25,111,131,12576
101,0.45,0.375,0.25,112,132,12672
101,0.45,0.375,0.25,113,133,12768
101,0.45,0.375,0.25,114,134,12864
101,0.45,0.375,0.25,115,135,12960
101,0.45,0.375,0.25,116,136,13056
101,0.45,0.375,0.25,117,137,13152
101,0.45,0.375,0.25,118,139,13344
101,0.45,0.375,0.25,119,140,13440
101,0.45,0.375,0.25,120,141,13536
101,0.45,0.375,0.25,121,142,13632
101,0.45,0.375,0.25,122,144,13824
101,0.45,0.375,0.25,123,145,13920
101,0.45,0.375,0.25,124,146,14016
101,0.45,0.375,0.25,125,147,14112
101,0.45,0.375,0.25,126,148,14208
101,0.45,0.375,0.25,127,150,14400
101,0.45,0.375,0.25,128,152,14592
101,0.45,0.375,0.25,129,153,14688
101,0.45,0.375,0.25,130,154,14784
101,0.45,0.375,0.25,131,155,14880
101,0.45,0.375,0.25,132,156,14976
101,0.45,0.375,0.25,133,157,15072
101,0.45,0.375,0.25,134,158,15168
101,0.45,0.375,0.25,135,159,15264
101,0.45,0.375,0.25,136,160,15360
101,0.45,0.375,0.25,137,161,15456
101,0.45,0.375,0.25,138,162,15552
101,0.45,0.375,0.25,139,163,15648
101,0.45,0.375,0.25,140,165,15840
101,0.45,0.375,0.25,141,166,15936
101,0.45,0.375,0.25,142,168,16128
101,0.45,0.375,0.25,143,169,16224
101,0.45,0.375,0.25,144,170,16320
101,0.45,0.375,0.25,145,171,16416
101,0.45,0.375,0.25,146,172,16512
101,0.45,0.375,0.25,147,174,16704
101,0.45,0.375,0.25,148,176,16896
101,0.45,0.375,0.25,149,177,16992
101,0.45,0.375,0.25,150,178,17088
101,0.45,0.375,0.25,151,180,17280
101,0.45,0.375,0.25,152,181,17376
101,0.45,0.375,0.25,153,183,17568
101,0.45,0.375,0.25,154,184,17664
101,0.45,0.375,0.25,155,185,17760
101,0.45,0.375,0.25,156,187,17952
101,0.45,0.375,0.25,157,188,18048
101,0.45,0.375,0.25,158,189,18144
101,0.45,0.375,0.25,159,190,18240
101,0.45,0.375,0.25,160,191,18336
101,0.45,0.375,0.25,161,192,18432
101,0.45,0.375,0.25,162,193,18528
101,0.45,0.375,0.25,163,194,18624
101,0.45,0.375,0.25,164,195,18720
101,0.45,0.375,0.25,165,196,18816
101,0.45,0.375,0.25,166,197,18912
101,0.45,0.375,0.25,167,198,19008
101,0.45,0.375,0.25,168,199,19104
101,0.45,0.375,0.25,169,200,19200
101,0.45,0.375,0.25,170,202,19392
101,0.45,0.375,0.25,171,203,19488
101,0.45,0.375,0.25,172,204,19584
101,0.45,0.375,0.25,173,205,19680
101,0.45,0.375,0.25,174,206,19776
101,0.45,0.375,0.25,175,207,19872
101,0.45,0.375,0.25,176,208,19968
101,0.45,0.375,0.25,177,210,20160
101,0.45,0.375,0.25,178,211,20256
101,0.45,0.375,0.25,179,212,20352
101,0.45,0.375,0.25,180,213,20448
101,0.45,0.375,0.25,181,214,20544
101,0.45,0.375,0.25,182,215,20640
101,0.45,0.375,0.25,183,218,20928
101,0.45,0.375,0.25,184,220,21120
101,0.45,0.375,0.25,185,221,21216
101,0.45,0.375,0.25,186,222,21312
101,0.45,0.375,0.25,187,223,21408
101,0.45,0.375,0.25,188,224,21504
101,0.45,0.375,0.25,189,225,21600
101,0.45,0.375,0.25,190,226,21696
101,0.45,0.375,0.25,191,227,21792
101,0.45,0.375,0.25,192,228,21888
101,0.45,0.375,0.25,193,229,21984
101,0.45,0.375,0.25,194,230,22080
101,0.45,0.375,0.25,195,231,22176
101,0.45,0.375,0.25,196,232,22272
101,0.45,0.375,0.25,197,235,22560
101,0.45,0.375,0.25,198,236,22656
101,0.45,0.375,0.25,199,237,22752
101,0.45,0.375,0.25,200,238,22848
101,0.45,0.375,0.25,201,239,22944
101,0.45,0.375,0.25,202,240,23040
101,0.45,0.375,0.25,203,241,23136
101,0.45,0.375,0.25,204,243,23328
101,0.45,0.375,0.25,205,246,23616
101,0.45,0.375,0.25,206,247,23712
101,0.45,0.375,0.25,207,248,23808
101,0.45,0.375,0.25,208,249,23904
101,0.45,0.375,0.25,209,250,24000
101,0.45,0.375,0.25,210,252,24192
101,0.45,0.375,0.25,211,253,24288
101,0.45,0.375,0.25,212,254,24384
101,0.45,0.375,0.25,213,256,24576
101,0.45,0.375,0.25,214,257,24672
101,0.45,0.375,0.25,215,258,24768
101,0.45,0.375,0.25,216,259,24864
101,0.45,0.375,0.25,217,260,24960
101,0.45,0.375,0.25,218,261,25056
101,0.45,0.375,0.25,219,262,25152
101,0.45,0.375,0.25,220,263,25248
101,0.45,0.375,0.25,221,264,25344
101,0.45,0.375,0.25,222,265,25440
101,0.45,0.375,0.25,223,266,25536
101,0.45,0.375,0.25,224,267,25632
101,0.45,0.375,0.25,225,269,25824
101,0.45,0.375,0.25,226,270,25920
101,0.45,0.375,0.25,227,272,26112
101,0.45,0.375,0.25,228,273,26208
101,0.45,0.375,0.25,229,274,26304
101,0.45,0.375,0.25,230,275,26400
101,0.45,0.375,0.25,231,276,26496
101,0.45,0.375,0.25,232,278,26688
101,0.45,0.375,0.25,233,280,26880
101,0.45,0.375,0.25,234,281,26976
101,0.45,0.375,0.25,235,283,27168
101,0.45,0.375,0.25,236,286,27456
101,0.45,0.375,0.25,237,288,27648
101,0.45,0.375,0.25,238,290,27840
101,0.45,0.375,0.25,239,292,28032
101,0.45,0.375,0.25,240,294,28224
101,0.45,0.375,0.25,241,295,28320
101,0.45,0.375,0.25,242,297,28512
101,0.45,0.375,0.25,243,298,28608
101,0.45,0.375,0.25,244,300,28800
101,0.45,0.375,0.25,245,302,28992
101,0.45,0.375,0.25,246,303,29088
101,0.45,0.375,0.25,247,304,29184
101,0.45,0.375,0.25,248,305,29280
101,0.45,0.375,0.25,249,306,29376
101,0.45,0.375,0.25,250,307,29472
101,0.45,0.375,0.25,251,309,29664
101,0.45,0.375,0.25,252,310,29760
101,0.45,0.375,0.25,253,312,29952
101,0.45,0.375,0.25,254,313,30048
101,0.45,0.375,0.25,255,314,30144
101,0.45,0.375,0.25,256,315,30240
101,0.45,0.375,0.25,257,316,30336
101,0.45,0.375,0.25,258,317,30432
101,0.45,0.375,0.25,259,320,30720
101,0.45,0.375,0.25,260,321,30816
101,0.45,0.375,0.25,261,322,30912
101,0.45,0.375,0.25,262,323,31008
101,0.45,0.375,0.25,263,324,31104
101,0.45,0.375,0.25,264,325,31200
101,0.45,0.375,0.25,265,326,31296
101,0.45,0.375,0.25,266,327,31392
101,0.45,0.375,0.25,267,328,31488
101,0.45,0.375,0.25,268,331,31776
101,0.45,0.375,0.25,269,332,31872
101,0.45,0.375,0.25,270,333,31968
101,0.45,0.375,0.25,271,334,32064
101,0.45,0.375,0.25,272,335,32160
101,0.45,0.375,0.25,273,336,32256
101,0.45,0.375,0.25,274,337,32352
101,0.45,0.375,0.25,275,338,32448
101,0.45,0.375,0.25,276,339,32544
101,0.45,0.375,0.25,277,340,32640
101,0.45,0.375,0.25,278,343,32928
101,0.45,0.375,0.25,279,344,33024
101,0.45,0.375,0.25,280,345,33120
101,0.45,0.375,0.25,281,346,33216
101,0.45,0.375,0.25,282,347,33312
101,0.45,0.375,0.25,283,348,33408
101,0.45,0.375,0.25,284,349,33504
101,0.45,0.375,0.25,285,351,33696
101,0.45,0.375,0.25,286,352,33792
101,0.45,0.375,0.25,287,353,33888
101,0.45,0.375,0.25,288,354,33984
101,0.45,0.375,0.25,289,355,34080
101,0.45,0.375,0.25,290,356,34176
101,0.45,0.375,0.25,291,357,34272
101,0.45,0.375,0.25,292,358,34368
101,0.45,0.375,0.25,293,359,34464
101,0.45,0.375,0.25,294,360,34560
101,0.45,0.375,0.25,295,361,34656
101,0.45,0.375,0.25,296,362,34752
101,0.45,0.375,0.25,297,363,34848
101,0.45,0.375,0.25,298,364,34944
