candidate_id,scenario_index,day_index,t0,pv_s_scale,svc_q_scale,cap_total_mvar,risk,under_risk,over_risk,under_steps,over_steps,pf_fail,daily_loss_mwh,vmin,vmax,raw_vmin,raw_vmax,intervention_steps,intervention_rate,projection_failures,mean_correction_norm,max_correction_norm,power_flow_previews
0,1,2,192,0.7,0.7,0.0,0,0,0,0,0,0,0.8656135381649693,0.950500000297652,1.0393796793972605,0.9492381984118974,1.0393796793972605,1,0.0104166666666666,0,0.0004081075306283,0.0391783229403192,111
0,2,4,384,0.7,0.7,0.0,0,0,0,0,0,0,0.8564147645323603,0.9550064280554236,1.032947958481565,0.9550064280554236,1.032947958481565,0,0.0,0,0.0,0.0,96
0,3,6,576,0.7,0.7,0.0,0,0,0,0,0,0,0.8778378488482662,0.9532552474159426,1.0355699169681791,0.9532552474159426,1.0355699169681791,0,0.0,0,0.0,0.0,96
0,4,7,672,0.7,0.7,0.0,0,0,0,0,0,0,0.8773419957138912,0.9531846343663176,1.0390393555520197,0.9531846343663176,1.0390393555520197,0,0.0,0,0.0,0.0,96
0,5,10,960,0.7,0.7,0.0,0,0,0,0,0,0,0.8548623850220872,0.9540310397100132,1.0319813408804694,0.9540310397100132,1.0319813408804694,0,0.0,0,0.0,0.0,96
0,6,13,1248,0.7,0.7,0.0,0,0,0,0,0,0,0.878351825501624,0.9509633424495711,1.0410183583393458,0.9509633424495711,1.0410183583393458,0,0.0,0,0.0,0.0,96
0,7,16,1536,0.7,0.7,0.0,0,0,0,0,0,0,0.8785466992271624,0.951370482190132,1.0415854156371158,0.951370482190132,1.0415854156371158,0,0.0,0,0.0,0.0,96
0,8,17,1632,0.7,0.7,0.0,0,0,0,0,0,0,0.8619112579189737,0.9567329045312256,1.0405696066972585,0.9567329045312256,1.0405696066972585,0,0.0,0,0.0,0.0,96
0,9,20,1920,0.7,0.7,0.0,0,0,0,0,0,0,0.849368863004443,0.953895885973758,1.0367829975892435,0.953895885973758,1.0367829975892435,0,0.0,0,0.0,0.0,96
0,10,22,2112,0.7,0.7,0.0,0,0,0,0,0,0,0.8720068285597865,0.9553219043714092,1.0437907401800162,0.9553219043714092,1.0437907401800162,0,0.0,0,0.0,0.0,96
0,11,23,2208,0.7,0.7,0.0,0,0,0,0,0,0,0.855773358032923,0.9547989847951144,1.037990711801567,0.9547989847951144,1.037990711801567,0,0.0,0,0.0,0.0,96
0,12,25,2400,0.7,0.7,0.0,0,0,0,0,0,0,0.8477266879836811,0.9549660184530548,1.0337473011020115,0.9549660184530548,1.0337473011020115,0,0.0,0,0.0,0.0,96
0,13,26,2496,0.7,0.7,0.0,0,0,0,0,0,0,0.8707598080881338,0.9549043920343706,1.038274782140315,0.9549043920343706,1.038274782140315,0,0.0,0,0.0,0.0,96
0,14,29,2784,0.7,0.7,0.0,0,0,0,0,0,0,0.8652325774025655,0.9536751978095376,1.0323007451037765,0.9536751978095376,1.0323007451037765,0,0.0,0,0.0,0.0,96
0,15,30,2880,0.7,0.7,0.0,0,0,0,0,0,0,0.8611220400923958,0.9533312754452956,1.035510187341718,0.9533312754452956,1.035510187341718,0,0.0,0,0.0,0.0,96
0,16,31,2976,0.7,0.7,0.0,0,0,0,0,0,0,0.8476673102975985,0.9524492516039492,1.0359536148759176,0.9524492516039492,1.0359536148759176,0,0.0,0,0.0,0.0,96
0,17,34,3264,0.7,0.7,0.0,0,0,0,0,0,0,0.8665040544008312,0.9511980533240356,1.0389632969059734,0.9511980533240356,1.0389632969059734,0,0.0,0,0.0,0.0,96
0,18,37,3552,0.7,0.7,0.0,0,0,0,0,0,0,0.8509179578795749,0.9579505634502686,1.0326561328142172,0.9579505634502686,1.0326561328142172,0,0.0,0,0.0,0.0,96
0,19,38,3648,0.7,0.7,0.0,0,0,0,0,0,0,0.8769878906457224,0.9551877274289916,1.0364635143719785,0.9551877274289916,1.0364635143719785,0,0.0,0,0.0,0.0,96
0,20,39,3744,0.7,0.7,0.0,0,0,0,0,0,0,0.8747458767223473,0.9538350978481338,1.0387317758163404,0.9538350978481338,1.0387317758163404,0,0.0,0,0.0,0.0,96
0,21,43,4128,0.7,0.7,0.0,0,0,0,0,0,0,0.8582026640482787,0.952692059472493,1.0333250267838257,0.952692059472493,1.0333250267838257,0,0.0,0,0.0,0.0,96
0,22,44,4224,0.7,0.7,0.0,0,0,0,0,0,0,0.8531299616771636,0.956612407548479,1.0300192017349965,0.956612407548479,1.0300192017349965,0,0.0,0,0.0,0.0,96
0,23,46,4416,0.7,0.7,0.0,0,0,0,0,0,0,0.8726624096423861,0.9518759372782076,1.0369218735270302,0.9518759372782076,1.0369218735270302,0,0.0,0,0.0,0.0,96
0,24,49,4704,0.7,0.7,0.0,0,0,0,0,0,0,0.8734912112447609,0.9538981625569176,1.0353268555331665,0.9538981625569176,1.0353268555331665,0,0.0,0,0.0,0.0,96
0,25,50,4800,0.7,0.7,0.0,0,0,0,0,0,0,0.8459193685952964,0.956654338237949,1.0366321446581712,0.956654338237949,1.0366321446581712,0,0.0,0,0.0,0.0,96
0,26,51,4896,0.7,0.7,0.0,0,0,0,0,0,0,0.8743729152829431,0.9533179289591284,1.0345585149078362,0.9533179289591284,1.0345585149078362,0,0.0,0,0.0,0.0,96
0,27,53,5088,0.7,0.7,0.0,0,0,0,0,0,0,0.8518713791918217,0.9549550076437128,1.0326220924433291,0.9549550076437128,1.0326220924433291,0,0.0,0,0.0,0.0,96
0,28,54,5184,0.7,0.7,0.0,0,0,0,0,0,0,0.8670639824297875,0.952296324697464,1.035661385082498,0.952296324697464,1.035661385082498,0,0.0,0,0.0,0.0,96
0,29,55,5280,0.7,0.7,0.0,0,0,0,0,0,0,0.8676308969249698,0.9520429772334198,1.034101289720992,0.9520429772334198,1.034101289720992,0,0.0,0,0.0,0.0,96
0,30,56,5376,0.7,0.7,0.0,0,0,0,0,0,0,0.8624733896908392,0.95630751206764,1.0334148043935387,0.95630751206764,1.0334148043935387,0,0.0,0,0.0,0.0,96
0,31,57,5472,0.7,0.7,0.0,0,0,0,0,0,0,0.8468691020993577,0.9566469630419924,1.0373316426978347,0.9566469630419924,1.0373316426978347,0,0.0,0,0.0,0.0,96
0,32,59,5664,0.7,0.7,0.0,0,0,0,0,0,0,0.842957619274439,0.9543141939841436,1.0309196205754565,0.9543141939841436,1.0309196205754565,0,0.0,0,0.0,0.0,96
0,33,60,5760,0.7,0.7,0.0,0,0,0,0,0,0,0.8676872864214017,0.9510936598419076,1.0378256454394856,0.9510936598419076,1.0378256454394856,0,0.0,0,0.0,0.0,96
0,34,62,5952,0.7,0.7,0.0,0,0,0,0,0,0,0.8573446597768996,0.9515345972724149,1.0332546739877106,0.9515345972724149,1.0332546739877106,0,0.0,0,0.0,0.0,96
0,35,65,6240,0.7,0.7,0.0,0,0,0,0,0,0,0.8581526497346431,0.955891922534794,1.03736060875494,0.955891922534794,1.03736060875494,0,0.0,0,0.0,0.0,96
0,36,66,6336,0.7,0.7,0.0,0,0,0,0,0,0,0.8662628339358566,0.950500000457014,1.0343736060037132,0.9493492383461252,1.0343736060037132,1,0.0104166666666666,0,0.0003618763717749,0.0347401316903957,111
0,37,67,6432,0.7,0.7,0.0,0,0,0,0,0,0,0.8588379927672196,0.95513636622001,1.0427531412731776,0.95513636622001,1.0427531412731776,0,0.0,0,0.0,0.0,96
0,38,68,6528,0.7,0.7,0.0,0,0,0,0,0,0,0.8618577797934561,0.9548131480033404,1.0402391591495186,0.9548131480033404,1.0402391591495186,0,0.0,0,0.0,0.0,96
0,39,69,6624,0.7,0.7,0.0,0,0,0,0,0,0,0.8658523807784942,0.9541378981756872,1.042477997817444,0.9541378981756872,1.042477997817444,0,0.0,0,0.0,0.0,96
0,40,70,6720,0.7,0.7,0.0,0,0,0,0,0,0,0.8709438127318101,0.9542559806150324,1.0335269590866838,0.9542559806150324,1.0335269590866838,0,0.0,0,0.0,0.0,96
0,41,71,6816,0.7,0.7,0.0,0,0,0,0,0,0,0.8761442283754052,0.9558799358273192,1.0330180694824755,0.9558799358273192,1.0330180694824755,0,0.0,0,0.0,0.0,96
0,42,74,7104,0.7,0.7,0.0,0,0,0,0,0,0,0.8784894301239539,0.9570932369370118,1.0354110320215122,0.9570932369370118,1.0354110320215122,0,0.0,0,0.0,0.0,96
0,43,80,7680,0.7,0.7,0.0,0,0,0,0,0,0,0.8388138912123804,0.9516571129393068,1.0317200604477328,0.9516571129393068,1.0317200604477328,0,0.0,0,0.0,0.0,96
0,44,81,7776,0.7,0.7,0.0,0,0,0,0,0,0,0.8524487333744938,0.9531167945553126,1.0345377485737508,0.9531167945553126,1.0345377485737508,0,0.0,0,0.0,0.0,96
0,45,82,7872,0.7,0.7,0.0,0,0,0,0,0,0,0.8715100202847386,0.951135001389339,1.0370541575338172,0.951135001389339,1.0370541575338172,0,0.0,0,0.0,0.0,96
0,46,84,8064,0.7,0.7,0.0,0,0,0,0,0,0,0.8615455154676505,0.9512851295754126,1.038950109087526,0.9512851295754126,1.038950109087526,0,0.0,0,0.0,0.0,96
0,47,85,8160,0.7,0.7,0.0,0,0,0,0,0,0,0.8530295559112873,0.9591385270955246,1.039206519385214,0.9591385270955246,1.039206519385214,0,0.0,0,0.0,0.0,96
0,47,86,8256,0.7,0.7,0.0,0,0,0,0,0,0,0.8653985059023939,0.9556487268314092,1.0348432660696032,0.9556487268314092,1.0348432660696032,0,0.0,0,0.0,0.0,96
0,48,87,8352,0.7,0.7,0.0,0,0,0,0,0,0,0.8740477383314781,0.9539800367345151,1.0390951040165644,0.9539800367345151,1.0390951040165644,0,0.0,0,0.0,0.0,96
0,49,93,8928,0.7,0.7,0.0,0,0,0,0,0,0,0.8569909493189041,0.954016432645072,1.0312138649299645,0.954016432645072,1.0312138649299645,0,0.0,0,0.0,0.0,96
0,50,94,9024,0.7,0.7,0.0,0,0,0,0,0,0,0.853671573078434,0.9572641638965568,1.0355311195521129,0.9572641638965568,1.0355311195521129,0,0.0,0,0.0,0.0,96
0,51,95,9120,0.7,0.7,0.0,0,0,0,0,0,0,0.8681856333561265,0.9552331995412124,1.0339872867081252,0.9552331995412124,1.0339872867081252,0,0.0,0,0.0,0.0,96
0,52,97,9312,0.7,0.7,0.0,0,0,0,0,0,0,0.8607297209271005,0.9553768294005957,1.0326532111339342,0.9553768294005957,1.0326532111339342,0,0.0,0,0.0,0.0,96
0,53,98,9408,0.7,0.7,0.0,0,0,0,0,0,0,0.8480006153417776,0.9521613595777826,1.030400438722318,0.9521613595777826,1.030400438722318,0,0.0,0,0.0,0.0,96
0,54,101,9696,0.7,0.7,0.0,0,0,0,0,0,0,0.8604473330958565,0.9540439652781746,1.0366773220817915,0.9540439652781746,1.0366773220817915,0,0.0,0,0.0,0.0,96
0,55,102,9792,0.7,0.7,0.0,0,0,0,0,0,0,0.8695119708685947,0.9552322141406482,1.0415807100763848,0.9552322141406482,1.0415807100763848,0,0.0,0,0.0,0.0,96
0,56,107,10272,0.7,0.7,0.0,0,0,0,0,0,0,0.8483758857733037,0.9505013212624436,1.031483285954289,0.9499759087189396,1.031483285954289,1,0.0104166666666666,0,0.0001573597076245,0.015106531931952,101
0,57,109,10464,0.7,0.7,0.0,0,0,0,0,0,0,0.8605549909114065,0.9512220090796382,1.0325551955098593,0.9512220090796382,1.0325551955098593,0,0.0,0,0.0,0.0,96
0,58,111,10656,0.7,0.7,0.0,0,0,0,0,0,0,0.8708236084564834,0.951022960588217,1.0329223555994038,0.951022960588217,1.0329223555994038,0,0.0,0,0.0,0.0,96
0,59,114,10944,0.7,0.7,0.0,0,0,0,0,0,0,0.8496126179026547,0.9546712603801972,1.0337643875568812,0.9546712603801972,1.0337643875568812,0,0.0,0,0.0,0.0,96
0,60,116,11136,0.7,0.7,0.0,0,0,0,0,0,0,0.8737594289809111,0.9505000003484656,1.0342113913162398,0.9495682159806996,1.0342113913162398,1,0.0104166666666666,0,0.000280250393118,0.0269040377393282,111
0,61,117,11232,0.7,0.7,0.0,0,0,0,0,0,0,0.865644012475523,0.9554622059545638,1.0345996632504133,0.9554622059545638,1.0345996632504133,0,0.0,0,0.0,0.0,96
0,62,119,11424,0.7,0.7,0.0,0,0,0,0,0,0,0.8674168306339012,0.9538979208086,1.0381732820014131,0.9538979208086,1.0381732820014131,0,0.0,0,0.0,0.0,96
0,63,120,11520,0.7,0.7,0.0,0,0,0,0,0,0,0.8676716841463048,0.9525764160553256,1.0404903389220117,0.9525764160553256,1.0404903389220117,0,0.0,0,0.0,0.0,96
0,63,122,11712,0.7,0.7,0.0,0,0,0,0,0,0,0.8674296355155562,0.9560010456501054,1.0331361321847532,0.9560010456501054,1.0331361321847532,0,0.0,0,0.0,0.0,96
0,64,123,11808,0.7,0.7,0.0,0,0,0,0,0,0,0.8622643911157407,0.9519987843578576,1.0334250490553218,0.9519987843578576,1.0334250490553218,0,0.0,0,0.0,0.0,96
0,65,125,12000,0.7,0.7,0.0,0,0,0,0,0,0,0.8675687748934364,0.9524469572815568,1.0413494513901618,0.9524469572815568,1.0413494513901618,0,0.0,0,0.0,0.0,96
0,66,126,12096,0.7,0.7,0.0,0,0,0,0,0,0,0.8726130103284331,0.9522334377348136,1.0357545534845969,0.9522334377348136,1.0357545534845969,0,0.0,0,0.0,0.0,96
0,67,128,12288,0.7,0.7,0.0,0,0,0,0,0,0,0.8705191731675893,0.954327830469041,1.0371897608542455,0.954327830469041,1.0371897608542455,0,0.0,0,0.0,0.0,96
0,68,129,12384,0.7,0.7,0.0,0,0,0,0,0,0,0.8834372290027892,0.9507577157222844,1.0357179051850285,0.9507577157222844,1.0357179051850285,0,0.0,0,0.0,0.0,96
0,69,131,12576,0.7,0.7,0.0,0,0,0,0,0,0,0.8505154959284252,0.9535883333166124,1.0403267341580649,0.9535883333166124,1.0403267341580649,0,0.0,0,0.0,0.0,96
0,70,133,12768,0.7,0.7,0.0,0,0,0,0,0,0,0.8712730444988821,0.952316341567126,1.0373499229493872,0.952316341567126,1.0373499229493872,0,0.0,0,0.0,0.0,96
0,71,134,12864,0.7,0.7,0.0,0,0,0,0,0,0,0.8518719417385525,0.9520172258970128,1.0353929558539166,0.9520172258970128,1.0353929558539166,0,0.0,0,0.0,0.0,96
0,72,136,13056,0.7,0.7,0.0,0,0,0,0,0,0,0.8858742055927499,0.9553659150654504,1.0418780643566885,0.9553659150654504,1.0418780643566885,0,0.0,0,0.0,0.0,96
0,73,140,13440,0.7,0.7,0.0,0,0,0,0,0,0,0.8522147388470789,0.9532538132460808,1.0359080491509944,0.9532538132460808,1.0359080491509944,0,0.0,0,0.0,0.0,96
0,74,141,13536,0.7,0.7,0.0,0,0,0,0,0,0,0.8604659542004696,0.95217681859325,1.0310799382021727,0.95217681859325,1.0310799382021727,0,0.0,0,0.0,0.0,96
0,75,142,13632,0.7,0.7,0.0,0,0,0,0,0,0,0.8722403139897924,0.9539849112036342,1.03865512524932,0.9539849112036342,1.03865512524932,0,0.0,0,0.0,0.0,96
0,76,143,13728,0.7,0.7,0.0,0,0,0,0,0,0,0.8639366632231077,0.952090176673337,1.0305808787978283,0.952090176673337,1.0305808787978283,0,0.0,0,0.0,0.0,96
0,77,145,13920,0.7,0.7,0.0,0,0,0,0,0,0,0.8593020012629169,0.9577416683190728,1.035959700601525,0.9577416683190728,1.035959700601525,0,0.0,0,0.0,0.0,96
0,78,148,14208,0.7,0.7,0.0,0,0,0,0,0,0,0.8641324134531138,0.9511862661887774,1.0300748053958102,0.9511862661887774,1.0300748053958102,0,0.0,0,0.0,0.0,96
0,79,149,14304,0.7,0.7,0.0,0,0,0,0,0,0,0.875688480935231,0.9505004109674084,1.0346219419408071,0.9504398679253236,1.0346219419408071,1,0.0104166666666666,0,1.9370583472077e-05,0.0018595760133193,101
0,80,151,14496,0.7,0.7,0.0,0,0,0,0,0,0,0.8754282230492281,0.9542886599826542,1.0312820090595336,0.9542886599826542,1.0312820090595336,0,0.0,0,0.0,0.0,96
0,81,152,14592,0.7,0.7,0.0,0,0,0,0,0,0,0.8598453387132148,0.955134025222666,1.0343395288233097,0.955134025222666,1.0343395288233097,0,0.0,0,0.0,0.0,96
0,82,154,14784,0.7,0.7,0.0,0,0,0,0,0,0,0.8548797919323347,0.9541413532063452,1.0359976430610784,0.9541413532063452,1.0359976430610784,0,0.0,0,0.0,0.0,96
0,83,156,14976,0.7,0.7,0.0,0,0,0,0,0,0,0.8817582047651161,0.9511957741243264,1.0422043525674585,0.9511957741243264,1.0422043525674585,0,0.0,0,0.0,0.0,96
0,84,157,15072,0.7,0.7,0.0,0,0,0,0,0,0,0.8639099783610664,0.9540116368709842,1.0381004007718224,0.9540116368709842,1.0381004007718224,0,0.0,0,0.0,0.0,96
0,85,166,15936,0.7,0.7,0.0,0,0,0,0,0,0,0.8577223732536456,0.9536332956770754,1.0326416138870165,0.9536332956770754,1.0326416138870165,0,0.0,0,0.0,0.0,96
0,87,168,16128,0.7,0.7,0.0,0,0,0,0,0,0,0.8704465779114128,0.9536241437391644,1.0339210908738037,0.9536241437391644,1.0339210908738037,0,0.0,0,0.0,0.0,96
0,86,169,16224,0.7,0.7,0.0,0,0,0,0,0,0,0.869029553682551,0.954717703232584,1.033905982737238,0.954717703232584,1.033905982737238,0,0.0,0,0.0,0.0,96
0,87,171,16416,0.7,0.7,0.0,0,0,0,0,0,0,0.8605294091029264,0.9530905856060125,1.0358312048827507,0.9530905856060125,1.0358312048827507,0,0.0,0,0.0,0.0,96
0,88,172,16512,0.7,0.7,0.0,0,0,0,0,0,0,0.8613337513271886,0.9505007098362264,1.0325738207628812,0.949783536422036,1.0325738207628812,1,0.0104166666666666,0,0.0002162939637804,0.0207642205229245,101
0,89,173,16608,0.7,0.7,0.0,0,0,0,0,0,0,0.8691742369321189,0.9524809999681288,1.0363567511518348,0.9524809999681288,1.0363567511518348,0,0.0,0,0.0,0.0,96
0,90,175,16800,0.7,0.7,0.0,0,0,0,0,0,0,0.8639866083595349,0.9536572221265928,1.0365387477116756,0.9536572221265928,1.0365387477116756,0,0.0,0,0.0,0.0,96
0,91,176,16896,0.7,0.7,0.0,0,0,0,0,0,0,0.8783100152908936,0.9546951000201916,1.0312129043693503,0.9546951000201916,1.0312129043693503,0,0.0,0,0.0,0.0,96
0,92,178,17088,0.7,0.7,0.0,0,0,0,0,0,0,0.8704536946880738,0.9535262323300028,1.0345192317948286,0.9535262323300028,1.0345192317948286,0,0.0,0,0.0,0.0,96
0,93,179,17184,0.7,0.7,0.0,0,0,0,0,0,0,0.8799708050225116,0.9513855270533054,1.033957251754028,0.9513855270533054,1.033957251754028,0,0.0,0,0.0,0.0,96
0,94,181,17376,0.7,0.7,0.0,0,0,0,0,0,0,0.8687191840338759,0.9534553552584438,1.036675116981118,0.9534553552584438,1.036675116981118,0,0.0,0,0.0,0.0,96
0,95,183,17568,0.7,0.7,0.0,0,0,0,0,0,0,0.8697996676732785,0.952551018927168,1.0382886977290708,0.952551018927168,1.0382886977290708,0,0.0,0,0.0,0.0,96
0,96,184,17664,0.7,0.7,0.0,0,0,0,0,0,0,0.8672043343294064,0.9548226728857138,1.033599540559358,0.9548226728857138,1.033599540559358,0,0.0,0,0.0,0.0,96
0,97,187,17952,0.7,0.7,0.0,0,0,0,0,0,0,0.8686233970929081,0.9505013765875152,1.0358775460713965,0.9501486067735598,1.0358775460713965,1,0.0104166666666666,0,0.00011357704302,0.0109033961299235,101
0,100,190,18240,0.7,0.7,0.0,0,0,0,0,0,0,0.8560904633361411,0.9554575517225992,1.0294066586145456,0.9554575517225992,1.0294066586145456,0,0.0,0,0.0,0.0,96
0,98,192,18432,0.7,0.7,0.0,0,0,0,0,0,0,0.8774019271115546,0.9520256465308594,1.0333611941583667,0.9520256465308594,1.0333611941583667,0,0.0,0,0.0,0.0,96
0,99,193,18528,0.7,0.7,0.0,0,0,0,0,0,0,0.8680793152051121,0.9521248356812614,1.0352006542383596,0.9521248356812614,1.0352006542383596,0,0.0,0,0.0,0.0,96
0,100,197,18912,0.7,0.7,0.0,0,0,0,0,0,0,0.8631296980354437,0.9532054205905404,1.0347577200954396,0.9532054205905404,1.0347577200954396,0,0.0,0,0.0,0.0,96
0,101,201,19296,0.7,0.7,0.0,0,0,0,0,0,0,0.8619295896913277,0.9527907381140546,1.0420909368374027,0.9527907381140546,1.0420909368374027,0,0.0,0,0.0,0.0,96
0,102,205,19680,0.7,0.7,0.0,0,0,0,0,0,0,0.855406007110668,0.9544806618194204,1.035051300939774,0.9544806618194204,1.035051300939774,0,0.0,0,0.0,0.0,96
0,103,207,19872,0.7,0.7,0.0,0,0,0,0,0,0,0.8729910882936635,0.9505002466633876,1.0338521137990553,0.945876901909618,1.0338521137990553,1,0.0104166666666666,0,0.0014680702314697,0.1409347422210993,106
0,104,210,20160,0.7,0.7,0.0,0,0,0,0,0,0,0.8545492903968687,0.9505000032360392,1.030323798650001,0.9479089174778788,1.030323798650001,1,0.0104166666666666,0,0.0007886974241933,0.075714952722558,111
0,105,212,20352,0.7,0.7,0.0,0,0,0,0,0,0,0.8732009793208952,0.9505316400375232,1.0398247572129755,0.9505316400375232,1.0398247572129755,0,0.0,0,0.0,0.0,96
0,106,213,20448,0.7,0.7,0.0,0,0,0,0,0,0,0.8671745226923432,0.9534939309976538,1.041114467599576,0.9534939309976538,1.041114467599576,0,0.0,0,0.0,0.0,96
0,107,216,20736,0.7,0.7,0.0,0,0,0,0,0,0,0.8501199639489591,0.9540266227107936,1.0346277396716226,0.9540266227107936,1.0346277396716226,0,0.0,0,0.0,0.0,96
0,108,219,21024,0.7,0.7,0.0,0,0,0,0,0,0,0.8825496543006859,0.9515422995383896,1.0384738057915242,0.9515422995383896,1.0384738057915242,0,0.0,0,0.0,0.0,96
0,109,220,21120,0.7,0.7,0.0,0,0,0,0,0,0,0.8739296978978806,0.9551491657671852,1.0333117943483792,0.9551491657671852,1.0333117943483792,0,0.0,0,0.0,0.0,96
0,110,226,21696,0.7,0.7,0.0,0,0,0,0,0,0,0.8639339263105742,0.952486399934003,1.0350735358921097,0.952486399934003,1.0350735358921097,0,0.0,0,0.0,0.0,96
0,114,228,21888,0.7,0.7,0.0,0,0,0,0,0,0,0.8807157777486312,0.956829905661281,1.0396823964781066,0.956829905661281,1.0396823964781066,0,0.0,0,0.0,0.0,96
0,111,230,22080,0.7,0.7,0.0,0,0,0,0,0,0,0.8653789466222434,0.9540931444502596,1.036226812874097,0.9540931444502596,1.036226812874097,0,0.0,0,0.0,0.0,96
0,112,231,22176,0.7,0.7,0.0,0,0,0,0,0,0,0.8606641894812151,0.9557519319340424,1.0397867534666618,0.9557519319340424,1.0397867534666618,0,0.0,0,0.0,0.0,96
0,113,232,22272,0.7,0.7,0.0,0,0,0,0,0,0,0.8564012437914622,0.9555928935128484,1.03231220738707,0.9555928935128484,1.03231220738707,0,0.0,0,0.0,0.0,96
0,114,234,22464,0.7,0.7,0.0,0,0,0,0,0,0,0.8689785020280255,0.9542945068537448,1.0400473168083395,0.9542945068537448,1.0400473168083395,0,0.0,0,0.0,0.0,96
0,115,235,22560,0.7,0.7,0.0,0,0,0,0,0,0,0.8758004626474725,0.9520721406269838,1.0364300318549398,0.9520721406269838,1.0364300318549398,0,0.0,0,0.0,0.0,96
0,116,236,22656,0.7,0.7,0.0,0,0,0,0,0,0,0.8701786041865228,0.9554043267247752,1.0330470122016506,0.9554043267247752,1.0330470122016506,0,0.0,0,0.0,0.0,96
0,117,239,22944,0.7,0.7,0.0,0,0,0,0,0,0,0.8604982941214145,0.9533777711339836,1.035223994765866,0.9533777711339836,1.035223994765866,0,0.0,0,0.0,0.0,96
0,118,240,23040,0.7,0.7,0.0,0,0,0,0,0,0,0.8630461810468391,0.9538345508356488,1.0353183338412075,0.9538345508356488,1.0353183338412075,0,0.0,0,0.0,0.0,96
0,123,241,23136,0.7,0.7,0.0,0,0,0,0,0,0,0.8597484212088027,0.9528645966881312,1.031702140949299,0.9528645966881312,1.031702140949299,0,0.0,0,0.0,0.0,96
0,119,244,23424,0.7,0.7,0.0,0,0,0,0,0,0,0.8697781519046878,0.9540294055030132,1.0336037530241486,0.9540294055030132,1.0336037530241486,0,0.0,0,0.0,0.0,96
0,120,245,23520,0.7,0.7,0.0,0,0,0,0,0,0,0.8576882038493154,0.953927543052039,1.03388113171374,0.953927543052039,1.03388113171374,0,0.0,0,0.0,0.0,96
0,121,248,23808,0.7,0.7,0.0,0,0,0,0,0,0,0.8689559121561627,0.954861083343736,1.03600025953068,0.954861083343736,1.03600025953068,0,0.0,0,0.0,0.0,96
0,122,251,24096,0.7,0.7,0.0,0,0,0,0,0,0,0.8535118386229,0.9530500415364526,1.037022857983144,0.9530500415364526,1.037022857983144,0,0.0,0,0.0,0.0,96
0,123,253,24288,0.7,0.7,0.0,0,0,0,0,0,0,0.859117438192641,0.9537525485402176,1.0382111334538986,0.9537525485402176,1.0382111334538986,0,0.0,0,0.0,0.0,96
0,124,254,24384,0.7,0.7,0.0,0,0,0,0,0,0,0.8639917078680124,0.955685018574804,1.0339764285531234,0.955685018574804,1.0339764285531234,0,0.0,0,0.0,0.0,96
0,125,257,24672,0.7,0.7,0.0,0,0,0,0,0,0,0.8475690954189438,0.9570978602820456,1.0393237945805165,0.9570978602820456,1.0393237945805165,0,0.0,0,0.0,0.0,96
0,126,259,24864,0.7,0.7,0.0,0,0,0,0,0,0,0.8571977255415354,0.957622828053214,1.037059749779784,0.957622828053214,1.037059749779784,0,0.0,0,0.0,0.0,96
0,127,261,25056,0.7,0.7,0.0,0,0,0,0,0,0,0.8749031495731234,0.9523981113500412,1.035807610075287,0.9523981113500412,1.035807610075287,0,0.0,0,0.0,0.0,96
0,128,266,25536,0.7,0.7,0.0,0,0,0,0,0,0,0.8627737021653802,0.9514939394035612,1.034604222044831,0.9514939394035612,1.034604222044831,0,0.0,0,0.0,0.0,96
0,129,267,25632,0.7,0.7,0.0,0,0,0,0,0,0,0.861557328355314,0.954318809746338,1.034243454163946,0.954318809746338,1.034243454163946,0,0.0,0,0.0,0.0,96
0,130,268,25728,0.7,0.7,0.0,0,0,0,0,0,0,0.8582612755464633,0.9549364592234478,1.0310733241812693,0.9549364592234478,1.0310733241812693,0,0.0,0,0.0,0.0,96
0,131,269,25824,0.7,0.7,0.0,0,0,0,0,0,0,0.8749345769108091,0.9540522418787724,1.0424917500681004,0.9540522418787724,1.0424917500681004,0,0.0,0,0.0,0.0,96
0,132,271,26016,0.7,0.7,0.0,0,0,0,0,0,0,0.8684934920919347,0.9505012077912488,1.0317935227227593,0.9499285242724508,1.0317935227227593,1,0.0104166666666666,0,0.0001725100118975,0.0165609611421616,101
0,133,272,26112,0.7,0.7,0.0,0,0,0,0,0,0,0.870779209568501,0.9563138003050264,1.034579090897401,0.9563138003050264,1.034579090897401,0,0.0,0,0.0,0.0,96
0,134,273,26208,0.7,0.7,0.0,0,0,0,0,0,0,0.8709139432484673,0.9505000165284094,1.035410617921027,0.945538846978501,1.035410617921027,1,0.0104166666666666,0,0.0015267157335498,0.1465647104207886,111
0,135,275,26400,0.7,0.7,0.0,0,0,0,0,0,0,0.8421196493072484,0.9555182424512484,1.0379335122477371,0.9555182424512484,1.0379335122477371,0,0.0,0,0.0,0.0,96
0,136,276,26496,0.7,0.7,0.0,0,0,0,0,0,0,0.8715679193175967,0.9513533441587816,1.036371535283889,0.9513533441587816,1.036371535283889,0,0.0,0,0.0,0.0,96
0,142,278,26688,0.7,0.7,0.0,0,0,0,0,0,0,0.8568797883079035,0.9543125143484352,1.0361760824163664,0.9543125143484352,1.0361760824163664,0,0.0,0,0.0,0.0,96
0,143,280,26880,0.7,0.7,0.0,0,0,0,0,0,0,0.8577678458280058,0.9523012877521712,1.0343111597300416,0.9523012877521712,1.0343111597300416,0,0.0,0,0.0,0.0,96
0,144,281,26976,0.7,0.7,0.0,0,0,0,0,0,0,0.8397264695344255,0.9562867209045394,1.0314227092861492,0.9562867209045394,1.0314227092861492,0,0.0,0,0.0,0.0,96
0,137,282,27072,0.7,0.7,0.0,0,0,0,0,0,0,0.8600863583282325,0.9567817407067803,1.038472004414237,0.9567817407067803,1.038472004414237,0,0.0,0,0.0,0.0,96
0,138,283,27168,0.7,0.7,0.0,0,0,0,0,0,0,0.8509619643528585,0.9563436558591956,1.0425613764849733,0.9563436558591956,1.0425613764849733,0,0.0,0,0.0,0.0,96
0,139,284,27264,0.7,0.7,0.0,0,0,0,0,0,0,0.8760597135913956,0.9531617415026766,1.0344312890150342,0.9531617415026766,1.0344312890150342,0,0.0,0,0.0,0.0,96
0,140,285,27360,0.7,0.7,0.0,0,0,0,0,0,0,0.8795221692579788,0.9558848981595728,1.0371676331874204,0.9558848981595728,1.0371676331874204,0,0.0,0,0.0,0.0,96
0,141,287,27552,0.7,0.7,0.0,0,0,0,0,0,0,0.8726380128022475,0.9541547040878338,1.0347670599502474,0.9541547040878338,1.0347670599502474,0,0.0,0,0.0,0.0,96
0,142,288,27648,0.7,0.7,0.0,0,0,0,0,0,0,0.8597067692057823,0.9550906022904788,1.0359326125164083,0.9550906022904788,1.0359326125164083,0,0.0,0,0.0,0.0,96
0,143,289,27744,0.7,0.7,0.0,0,0,0,0,0,0,0.8514585491568113,0.9522553436773552,1.030468055625125,0.9522553436773552,1.030468055625125,0,0.0,0,0.0,0.0,96
0,144,290,27840,0.7,0.7,0.0,0,0,0,0,0,0,0.8701888824754326,0.9516793957163996,1.039147834652007,0.9516793957163996,1.039147834652007,0,0.0,0,0.0,0.0,96
0,153,291,27936,0.7,0.7,0.0,0,0,0,0,0,0,0.8790465921367407,0.9522094538935852,1.0348283128636886,0.9522094538935852,1.0348283128636886,0,0.0,0,0.0,0.0,96
0,145,292,28032,0.7,0.7,0.0,0,0,0,0,0,0,0.8482908591590521,0.9548889137835318,1.033994943790758,0.9548889137835318,1.033994943790758,0,0.0,0,0.0,0.0,96
0,146,293,28128,0.7,0.7,0.0,0,0,0,0,0,0,0.8793549826588168,0.9550163084689768,1.0368470680605897,0.9550163084689768,1.0368470680605897,0,0.0,0,0.0,0.0,96
0,147,294,28224,0.7,0.7,0.0,0,0,0,0,0,0,0.8612604930215777,0.9538788773400232,1.0347979092420512,0.9538788773400232,1.0347979092420512,0,0.0,0,0.0,0.0,96
0,148,295,28320,0.7,0.7,0.0,0,0,0,0,0,0,0.8527919363004626,0.9544645557729972,1.030923076378247,0.9544645557729972,1.030923076378247,0,0.0,0,0.0,0.0,96
0,149,296,28416,0.7,0.7,0.0,0,0,0,0,0,0,0.8596414493979786,0.954063096621768,1.029672894474844,0.954063096621768,1.029672894474844,0,0.0,0,0.0,0.0,96
0,150,297,28512,0.7,0.7,0.0,0,0,0,0,0,0,0.8754689239521285,0.9521708631168436,1.032292395476328,0.9521708631168436,1.032292395476328,0,0.0,0,0.0,0.0,96
0,160,298,28608,0.7,0.7,0.0,0,0,0,0,0,0,0.8688546706247016,0.9586303433726416,1.0394346821365092,0.9586303433726416,1.0394346821365092,0,0.0,0,0.0,0.0,96
0,151,299,28704,0.7,0.7,0.0,0,0,0,0,0,0,0.8703205404825896,0.950501371301206,1.0400043072391418,0.9501029385880384,1.0400043072391418,1,0.0104166666666666,0,0.0001197613586835,0.0114970904336204,101
0,152,300,28800,0.7,0.7,0.0,0,0,0,0,0,0,0.8602275294274789,0.9576923050162542,1.0413491744862309,0.9576923050162542,1.0413491744862309,0,0.0,0,0.0,0.0,96
0,153,302,28992,0.7,0.7,0.0,0,0,0,0,0,0,0.8703415781209822,0.9573053425329529,1.039265539965771,0.9573053425329529,1.039265539965771,0,0.0,0,0.0,0.0,96
0,154,305,29280,0.7,0.7,0.0,0,0,0,0,0,0,0.8643198544726451,0.9531761780769248,1.0386127175176822,0.9531761780769248,1.0386127175176822,0,0.0,0,0.0,0.0,96
0,155,306,29376,0.7,0.7,0.0,0,0,0,0,0,0,0.8446103697674736,0.9526527788106414,1.030419315025802,0.9526527788106414,1.030419315025802,0,0.0,0,0.0,0.0,96
0,156,307,29472,0.7,0.7,0.0,0,0,0,0,0,0,0.863780753222168,0.9546417038962216,1.0313714631798212,0.9546417038962216,1.0313714631798212,0,0.0,0,0.0,0.0,96
0,157,308,29568,0.7,0.7,0.0,0,0,0,0,0,0,0.8634047015122563,0.9505013881722412,1.0336463888640988,0.950158592902733,1.0336463888640988,1,0.0104166666666666,0,0.0001098196539087,0.0105426867752365,101
0,158,312,29952,0.7,0.7,0.0,0,0,0,0,0,0,0.8618509801933004,0.9505012439497584,1.0328304948273477,0.9502543131060068,1.0328304948273477,1,0.0104166666666666,0,7.882054779211555e-05,0.007566772588043,101
0,159,315,30240,0.7,0.7,0.0,0,0,0,0,0,0,0.8812671565781062,0.9553043791914329,1.037875553900576,0.9553043791914329,1.037875553900576,0,0.0,0,0.0,0.0,96
0,160,317,30432,0.7,0.7,0.0,0,0,0,0,0,0,0.8740074486981005,0.951080797739204,1.0321927887225064,0.951080797739204,1.0321927887225064,0,0.0,0,0.0,0.0,96
0,161,319,30624,0.7,0.7,0.0,0,0,0,0,0,0,0.8697365977123515,0.9505000004161605,1.0409849650423542,0.948774891512411,1.0409849650423542,1,0.0104166666666666,0,0.0005613273278059,0.0538874234693684,111
0,162,321,30816,0.7,0.7,0.0,0,0,0,0,0,0,0.8674332930945426,0.95368935507128,1.0389311999373236,0.95368935507128,1.0389311999373236,0,0.0,0,0.0,0.0,96
0,173,322,30912,0.7,0.7,0.0,0,0,0,0,0,0,0.8577554939592585,0.9523517952198572,1.0312959149635497,0.9523517952198572,1.0312959149635497,0,0.0,0,0.0,0.0,96
0,163,326,31296,0.7,0.7,0.0,0,0,0,0,0,0,0.8702877294871252,0.9505000089123122,1.0311052430198386,0.9465427992782482,1.0311052430198386,1,0.0104166666666666,0,0.0012092627560765,0.1160892245833441,111
0,164,329,31584,0.7,0.7,0.0,0,0,0,0,0,0,0.8749775272531574,0.9540795965960625,1.034150655631383,0.9540795965960625,1.034150655631383,0,0.0,0,0.0,0.0,96
0,165,331,31776,0.7,0.7,0.0,0,0,0,0,0,0,0.8897295137378717,0.956122444918618,1.0352920878890297,0.956122444918618,1.0352920878890297,0,0.0,0,0.0,0.0,96
0,166,332,31872,0.7,0.7,0.0,0,0,0,0,0,0,0.8600318780184241,0.95050133767899,1.038757326695127,0.9502122592734122,1.038757326695127,1,0.0104166666666666,0,9.263830896165323e-05,0.0088932776603187,101
0,167,333,31968,0.7,0.7,0.0,0,0,0,0,0,0,0.8464910691890195,0.9564673589293152,1.034483378807611,0.9564673589293152,1.034483378807611,0,0.0,0,0.0,0.0,96
0,168,335,32160,0.7,0.7,0.0,0,0,0,0,0,0,0.8599161402887315,0.9535418517145712,1.0305828600488405,0.9535418517145712,1.0305828600488405,0,0.0,0,0.0,0.0,96
0,169,336,32256,0.7,0.7,0.0,0,0,0,0,0,0,0.8767924629501476,0.9505000004595456,1.0332555946456528,0.9495547258744194,1.0332555946456528,1,0.0104166666666666,0,0.0003048269720463,0.0292633893164513,111
0,170,337,32352,0.7,0.7,0.0,0,0,0,0,0,0,0.8681228587080804,0.957273216057714,1.0379102734335823,0.957273216057714,1.0379102734335823,0,0.0,0,0.0,0.0,96
0,171,338,32448,0.7,0.7,0.0,0,0,0,0,0,0,0.8734017031753801,0.9533347387391145,1.0324252691220133,0.9533347387391145,1.0324252691220133,0,0.0,0,0.0,0.0,96
0,172,339,32544,0.7,0.7,0.0,0,0,0,0,0,0,0.8782190091707129,0.9543745165911446,1.0418887867048467,0.9543745165911446,1.0418887867048467,0,0.0,0,0.0,0.0,96
0,173,341,32736,0.7,0.7,0.0,0,0,0,0,0,0,0.8478813515391275,0.9537044933688196,1.0345527507945105,0.9537044933688196,1.0345527507945105,0,0.0,0,0.0,0.0,96
0,174,342,32832,0.7,0.7,0.0,0,0,0,0,0,0,0.864686581787498,0.9505000010077296,1.037968834438125,0.9488596762902698,1.037968834438125,1,0.0104166666666666,0,0.0004911176145359,0.0471472909954554,111
0,175,345,33120,0.7,0.7,0.0,0,0,0,0,0,0,0.847287639628526,0.9505000139445198,1.0403266872403338,0.9484963449405468,1.0403266872403338,1,0.0104166666666666,0,0.0006521768433729,0.0626089769638059,106
0,176,347,33312,0.7,0.7,0.0,0,0,0,0,0,0,0.8677947485333171,0.9507706419577936,1.040724564266207,0.9507706419577936,1.040724564266207,0,0.0,0,0.0,0.0,96
0,177,348,33408,0.7,0.7,0.0,0,0,0,0,0,0,0.8563671826679297,0.952100221831166,1.0331694942791054,0.952100221831166,1.0331694942791054,0,0.0,0,0.0,0.0,96
0,178,349,33504,0.7,0.7,0.0,0,0,0,0,0,0,0.8725945445701184,0.9505000338575984,1.0361975099973373,0.9481768662797062,1.0361975099973373,1,0.0104166666666666,0,0.000744742357167,0.0714952662880385,106
0,179,351,33696,0.7,0.7,0.0,0,0,0,0,0,0,0.8592892299580799,0.955451400602036,1.0343203785100452,0.955451400602036,1.0343203785100452,0,0.0,0,0.0,0.0,96
0,191,352,33792,0.7,0.7,0.0,0,0,0,0,0,0,0.8773122706329511,0.95644884619562,1.0391366610916717,0.95644884619562,1.0391366610916717,0,0.0,0,0.0,0.0,96
0,180,354,33984,0.7,0.7,0.0,0,0,0,0,0,0,0.8675578112865671,0.9537434772405808,1.0323027814829415,0.9537434772405808,1.0323027814829415,0,0.0,0,0.0,0.0,96
0,181,355,34080,0.7,0.7,0.0,0,0,0,0,0,0,0.8980739462963352,0.9532488734489764,1.042734103987032,0.9532488734489764,1.042734103987032,0,0.0,0,0.0,0.0,96
0,182,356,34176,0.7,0.7,0.0,0,0,0,0,0,0,0.8649245348976236,0.9570701709890972,1.040506241447024,0.9570701709890972,1.040506241447024,0,0.0,0,0.0,0.0,96
0,183,361,34656,0.7,0.7,0.0,0,0,0,0,0,0,0.8653325566578323,0.9566795686504868,1.034617920253708,0.9566795686504868,1.034617920253708,0,0.0,0,0.0,0.0,96
0,196,362,34752,0.7,0.7,0.0,0,0,0,0,0,0,0.8636924516076685,0.955160832818261,1.037819042825887,0.955160832818261,1.037819042825887,0,0.0,0,0.0,0.0,96
0,184,364,34944,0.7,0.7,0.0,0,0,0,0,0,0,0.8602288175748332,0.9505010287378386,1.0323736455095804,0.9498666346816224,1.0323736455095804,1,0.0104166666666666,0,0.0001910704317271,0.0183427614458046,101
0,198,366,35136,0.7,0.7,0.0,0,0,0,0,0,0,0.8644923731556912,0.9507017057535284,1.0389989920053184,0.9507017057535284,1.0389989920053184,0,0.0,0,0.0,0.0,96
0,185,367,35232,0.7,0.7,0.0,0,0,0,0,0,0,0.8682402283914684,0.9521771631692816,1.030156139893792,0.9521771631692816,1.030156139893792,0,0.0,0,0.0,0.0,96
2016,1,2,192,1.5,1.5,1.0,0,0,0,0,0,0,2.4401898955044463,0.974464687166732,1.0402956418455187,0.974464687166732,1.0402956418455187,0,0.0,0,0.0,0.0,96
2016,2,4,384,1.5,1.5,1.0,0,0,0,0,0,0,2.432507132966253,0.9795802383824334,1.0392831933986229,0.9795802383824334,1.0392831933986229,0,0.0,0,0.0,0.0,96
2016,3,6,576,1.5,1.5,1.0,0,0,0,0,0,0,2.4441559827132715,0.977128061271966,1.039971843187401,0.977128061271966,1.039971843187401,0,0.0,0,0.0,0.0,96
2016,4,7,672,1.5,1.5,1.0,0,0,0,0,0,0,2.4525044322758456,0.9782252059093844,1.0397886662341005,0.9782252059093844,1.0397886662341005,0,0.0,0,0.0,0.0,96
2016,5,10,960,1.5,1.5,1.0,0,0,0,0,0,0,2.440032384124831,0.9784365294281696,1.0394668142526378,0.9784365294281696,1.0394668142526378,0,0.0,0,0.0,0.0,96
2016,6,13,1248,1.5,1.5,1.0,0,0,0,0,0,0,2.449782720174224,0.9764283497925728,1.0394034717844536,0.9764283497925728,1.0394034717844536,0,0.0,0,0.0,0.0,96
2016,7,16,1536,1.5,1.5,1.0,0,0,0,0,0,0,2.4633938042587085,0.9758961236936654,1.038883566676936,0.9758961236936654,1.038883566676936,0,0.0,0,0.0,0.0,96
2016,8,17,1632,1.5,1.5,1.0,0,0,0,0,0,0,2.44697874893186,0.9804023884996608,1.0389208096893805,0.9804023884996608,1.0389208096893805,0,0.0,0,0.0,0.0,96
2016,9,20,1920,1.5,1.5,1.0,0,0,0,0,0,0,2.446005445001477,0.9792542779167042,1.040088016181851,0.9792542779167042,1.040088016181851,0,0.0,0,0.0,0.0,96
2016,10,22,2112,1.5,1.5,1.0,0,0,0,0,0,0,2.448748734922856,0.9803743143752598,1.0390388056198714,0.9803743143752598,1.0390388056198714,0,0.0,0,0.0,0.0,96
2016,11,23,2208,1.5,1.5,1.0,0,0,0,0,0,0,2.4488455407117105,0.9791281671152148,1.0396115789225016,0.9791281671152148,1.0396115789225016,0,0.0,0,0.0,0.0,96
2016,12,25,2400,1.5,1.5,1.0,0,0,0,0,0,0,2.420388548963565,0.9795852311769728,1.0393409492840826,0.9795852311769728,1.0393409492840826,0,0.0,0,0.0,0.0,96
2016,13,26,2496,1.5,1.5,1.0,0,0,0,0,0,0,2.4524311539097443,0.9799169070452104,1.0391892504302211,0.9799169070452104,1.0391892504302211,0,0.0,0,0.0,0.0,96
2016,14,29,2784,1.5,1.5,1.0,0,0,0,0,0,0,2.4602607609909337,0.9778114277225594,1.0389237047169997,0.9778114277225594,1.0389237047169997,0,0.0,0,0.0,0.0,96
2016,15,30,2880,1.5,1.5,1.0,0,0,0,0,0,0,2.441944131527962,0.977067226485944,1.0400690078590211,0.977067226485944,1.0400690078590211,0,0.0,0,0.0,0.0,96
2016,16,31,2976,1.5,1.5,1.0,0,0,0,0,0,0,2.4293847800153068,0.9774749584713098,1.0389330825318577,0.9774749584713098,1.0389330825318577,0,0.0,0,0.0,0.0,96
2016,17,34,3264,1.5,1.5,1.0,0,0,0,0,0,0,2.4421451758909,0.97642442531186,1.039317926080041,0.97642442531186,1.039317926080041,0,0.0,0,0.0,0.0,96
2016,18,37,3552,1.5,1.5,1.0,0,0,0,0,0,0,2.432794245916075,0.9823604762738308,1.0384066024287033,0.9823604762738308,1.0384066024287033,0,0.0,0,0.0,0.0,96
2016,19,38,3648,1.5,1.5,1.0,0,0,0,0,0,0,2.457069694048633,0.9798878524313402,1.0406337529468406,0.9798878524313402,1.0406337529468406,0,0.0,0,0.0,0.0,96
2016,20,39,3744,1.5,1.5,1.0,0,0,0,0,0,0,2.4510794823490945,0.9779021011654316,1.0391079074009852,0.9779021011654316,1.0391079074009852,0,0.0,0,0.0,0.0,96
2016,21,43,4128,1.5,1.5,1.0,0,0,0,0,0,0,2.456747656669408,0.9775789228602598,1.0393357634454496,0.9775789228602598,1.0393357634454496,0,0.0,0,0.0,0.0,96
2016,22,44,4224,1.5,1.5,1.0,0,0,0,0,0,0,2.442929188398577,0.9813720343287616,1.038724546700582,0.9813720343287616,1.038724546700582,0,0.0,0,0.0,0.0,96
2016,23,46,4416,1.5,1.5,1.0,0,0,0,0,0,0,2.44657601394236,0.9763662277631237,1.039497904757103,0.9763662277631237,1.039497904757103,0,0.0,0,0.0,0.0,96
2016,24,49,4704,1.5,1.5,1.0,0,0,0,0,0,0,2.461340525786858,0.9787515008453156,1.0386131812042383,0.9787515008453156,1.0386131812042383,0,0.0,0,0.0,0.0,96
2016,25,50,4800,1.5,1.5,1.0,0,0,0,0,0,0,2.422076023650063,0.9804776141896584,1.040008219797192,0.9804776141896584,1.040008219797192,0,0.0,0,0.0,0.0,96
2016,26,51,4896,1.5,1.5,1.0,0,0,0,0,0,0,2.4594378180034906,0.978638944302108,1.0394852157481391,0.978638944302108,1.0394852157481391,0,0.0,0,0.0,0.0,96
2016,27,53,5088,1.5,1.5,1.0,0,0,0,0,0,0,2.420498064247149,0.9789495649232514,1.0387044611080911,0.9789495649232514,1.0387044611080911,0,0.0,0,0.0,0.0,96
2016,28,54,5184,1.5,1.5,1.0,0,0,0,0,0,0,2.449025826978469,0.977741719560715,1.039588859226538,0.977741719560715,1.039588859226538,0,0.0,0,0.0,0.0,96
2016,29,55,5280,1.5,1.5,1.0,0,0,0,0,0,0,2.4596983910046,0.977616169469701,1.0389135522529065,0.977616169469701,1.0389135522529065,0,0.0,0,0.0,0.0,96
2016,30,56,5376,1.5,1.5,1.0,0,0,0,0,0,0,2.4576639531941566,0.9806415873204192,1.0390396671271,0.9806415873204192,1.0390396671271,0,0.0,0,0.0,0.0,96
2016,31,57,5472,1.5,1.5,1.0,0,0,0,0,0,0,2.434790170899646,0.9812335334211256,1.039355071253149,0.9812335334211256,1.039355071253149,0,0.0,0,0.0,0.0,96
2016,32,59,5664,1.5,1.5,1.0,0,0,0,0,0,0,2.430255464824742,0.9793913038329352,1.039097342784568,0.9793913038329352,1.039097342784568,0,0.0,0,0.0,0.0,96
2016,33,60,5760,1.5,1.5,1.0,0,0,0,0,0,0,2.431605281514591,0.97595726674591,1.0385304591901798,0.97595726674591,1.0385304591901798,0,0.0,0,0.0,0.0,96
2016,34,62,5952,1.5,1.5,1.0,0,0,0,0,0,0,2.4519993903425843,0.9766511853328884,1.0403580867883828,0.9766511853328884,1.0403580867883828,0,0.0,0,0.0,0.0,96
2016,35,65,6240,1.5,1.5,1.0,0,0,0,0,0,0,2.4463999548052997,0.9806170874736831,1.0390164213816449,0.9806170874736831,1.0390164213816449,0,0.0,0,0.0,0.0,96
2016,36,66,6336,1.5,1.5,1.0,0,0,0,0,0,0,2.433517314693617,0.9746793813315489,1.0388639053186592,0.9746793813315489,1.0388639053186592,0,0.0,0,0.0,0.0,96
2016,37,67,6432,1.5,1.5,1.0,0,0,0,0,0,0,2.438808763616444,0.9793713093479292,1.0393732913888614,0.9793713093479292,1.0393732913888614,0,0.0,0,0.0,0.0,96
2016,38,68,6528,1.5,1.5,1.0,0,0,0,0,0,0,2.4428526739896523,0.9787207328081324,1.0400275718354286,0.9787207328081324,1.0400275718354286,0,0.0,0,0.0,0.0,96
2016,39,69,6624,1.5,1.5,1.0,0,0,0,0,0,0,2.46113317534139,0.9783851500669356,1.0391198299791553,0.9783851500669356,1.0391198299791553,0,0.0,0,0.0,0.0,96
2016,40,70,6720,1.5,1.5,1.0,0,0,0,0,0,0,2.443134532417595,0.9783464883647308,1.0397074707636724,0.9783464883647308,1.0397074707636724,0,0.0,0,0.0,0.0,96
2016,41,71,6816,1.5,1.5,1.0,0,0,0,0,0,0,2.448374890156152,0.9806477328549288,1.038767881631803,0.9806477328549288,1.038767881631803,0,0.0,0,0.0,0.0,96
2016,42,74,7104,1.5,1.5,1.0,0,0,0,0,0,0,2.4697787893052925,0.9812463220499568,1.0397101602915486,0.9812463220499568,1.0397101602915486,0,0.0,0,0.0,0.0,96
2016,43,80,7680,1.5,1.5,1.0,0,0,0,0,0,0,2.419415747486446,0.976899256639184,1.0400681423672702,0.976899256639184,1.0400681423672702,0,0.0,0,0.0,0.0,96
2016,44,81,7776,1.5,1.5,1.0,0,0,0,0,0,0,2.440051594488294,0.9785853571471236,1.0395531630841963,0.9785853571471236,1.0395531630841963,0,0.0,0,0.0,0.0,96
2016,45,82,7872,1.5,1.5,1.0,0,0,0,0,0,0,2.434171374581336,0.9764914145112444,1.039205959450668,0.9764914145112444,1.039205959450668,0,0.0,0,0.0,0.0,96
2016,46,84,8064,1.5,1.5,1.0,0,0,0,0,0,0,2.441483873334576,0.9771373201418692,1.039303922292434,0.9771373201418692,1.039303922292434,0,0.0,0,0.0,0.0,96
2016,47,85,8160,1.5,1.5,1.0,0,0,0,0,0,0,2.4173684832288345,0.981971408230508,1.0390515474847002,0.981971408230508,1.0390515474847002,0,0.0,0,0.0,0.0,96
2016,47,86,8256,1.5,1.5,1.0,0,0,0,0,0,0,2.451536607229297,0.9791665136868538,1.039112128317723,0.9791665136868538,1.039112128317723,0,0.0,0,0.0,0.0,96
2016,48,87,8352,1.5,1.5,1.0,0,0,0,0,0,0,2.4691415285372043,0.9785387045626271,1.0398602168183002,0.9785387045626271,1.0398602168183002,0,0.0,0,0.0,0.0,96
2016,49,93,8928,1.5,1.5,1.0,0,0,0,0,0,0,2.436317142828352,0.9787351729414988,1.040005830548056,0.9787351729414988,1.040005830548056,0,0.0,0,0.0,0.0,96
2016,50,94,9024,1.5,1.5,1.0,0,0,0,0,0,0,2.450109741430281,0.9812788984361552,1.0386908566520023,0.9812788984361552,1.0386908566520023,0,0.0,0,0.0,0.0,96
2016,51,95,9120,1.5,1.5,1.0,0,0,0,0,0,0,2.44686463474728,0.9802120552884028,1.0395516952585089,0.9802120552884028,1.0395516952585089,0,0.0,0,0.0,0.0,96
2016,52,97,9312,1.5,1.5,1.0,0,0,0,0,0,0,2.442242740767429,0.9798067489731248,1.0398222573008578,0.9798067489731248,1.0398222573008578,0,0.0,0,0.0,0.0,96
2016,53,98,9408,1.5,1.5,1.0,0,0,0,0,0,0,2.433816384160884,0.9775384302693771,1.0387787845243446,0.9775384302693771,1.0387787845243446,0,0.0,0,0.0,0.0,96
2016,54,101,9696,1.5,1.5,1.0,0,0,0,0,0,0,2.4661198484712425,0.9786627883916156,1.039459434653616,0.9786627883916156,1.039459434653616,0,0.0,0,0.0,0.0,96
2016,55,102,9792,1.5,1.5,1.0,0,0,0,0,0,0,2.450099428505867,0.9787106837067144,1.0394639632297258,0.9787106837067144,1.0394639632297258,0,0.0,0,0.0,0.0,96
2016,56,107,10272,1.5,1.5,1.0,0,0,0,0,0,0,2.437564573646494,0.9753996938838606,1.0403331280963273,0.9753996938838606,1.0403331280963273,0,0.0,0,0.0,0.0,96
2016,57,109,10464,1.5,1.5,1.0,0,0,0,0,0,0,2.4402920514813005,0.9762664843978268,1.039164841991906,0.9762664843978268,1.039164841991906,0,0.0,0,0.0,0.0,96
2016,58,111,10656,1.5,1.5,1.0,0,0,0,0,0,0,2.460341481400557,0.9765969149726126,1.039439721267278,0.9765969149726126,1.039439721267278,0,0.0,0,0.0,0.0,96
2016,59,114,10944,1.5,1.5,1.0,0,0,0,0,0,0,2.440977291815382,0.9794662732313903,1.0390924403906152,0.9794662732313903,1.0390924403906152,0,0.0,0,0.0,0.0,96
2016,60,116,11136,1.5,1.5,1.0,0,0,0,0,0,0,2.467534526186802,0.9751013750620252,1.0393478737925936,0.9751013750620252,1.0393478737925936,0,0.0,0,0.0,0.0,96
2016,61,117,11232,1.5,1.5,1.0,0,0,0,0,0,0,2.4412996292687907,0.980036835796499,1.0392213596517952,0.980036835796499,1.0392213596517952,0,0.0,0,0.0,0.0,96
2016,62,119,11424,1.5,1.5,1.0,0,0,0,0,0,0,2.439391779315786,0.9785628518099082,1.0399401170891822,0.9785628518099082,1.0399401170891822,0,0.0,0,0.0,0.0,96
2016,63,120,11520,1.5,1.5,1.0,0,0,0,0,0,0,2.4415368225476057,0.976743568501022,1.0395580326311804,0.976743568501022,1.0395580326311804,0,0.0,0,0.0,0.0,96
2016,63,122,11712,1.5,1.5,1.0,0,0,0,0,0,0,2.4414297039113477,0.980408355188337,1.0403671553574387,0.980408355188337,1.0403671553574387,0,0.0,0,0.0,0.0,96
2016,64,123,11808,1.5,1.5,1.0,0,0,0,0,0,0,2.4408761633573444,0.9768019995170272,1.0387871685189431,0.9768019995170272,1.0387871685189431,0,0.0,0,0.0,0.0,96
2016,65,125,12000,1.5,1.5,1.0,0,0,0,0,0,0,2.443509118269912,0.9778424027508276,1.038705985819288,0.9778424027508276,1.038705985819288,0,0.0,0,0.0,0.0,96
2016,66,126,12096,1.5,1.5,1.0,0,0,0,0,0,0,2.46044507632231,0.9773524130472784,1.039316234986571,0.9773524130472784,1.039316234986571,0,0.0,0,0.0,0.0,96
2016,67,128,12288,1.5,1.5,1.0,0,0,0,0,0,0,2.443953708249648,0.9785021155156268,1.0400869722805492,0.9785021155156268,1.0400869722805492,0,0.0,0,0.0,0.0,96
2016,68,129,12384,1.5,1.5,1.0,0,0,0,0,0,0,2.461569655878963,0.9758682763758988,1.0388641035412332,0.9758682763758988,1.0388641035412332,0,0.0,0,0.0,0.0,96
2016,69,131,12576,1.5,1.5,1.0,0,0,0,0,0,0,2.4391252423304968,0.978256967337696,1.0386843727469282,0.978256967337696,1.0386843727469282,0,0.0,0,0.0,0.0,96
2016,70,133,12768,1.5,1.5,1.0,0,0,0,0,0,0,2.456862616382794,0.9766724785563649,1.0388171527767944,0.9766724785563649,1.0388171527767944,0,0.0,0,0.0,0.0,96
2016,71,134,12864,1.5,1.5,1.0,0,0,0,0,0,0,2.4269471752979515,0.9769392031915156,1.0403368320172068,0.9769392031915156,1.0403368320172068,0,0.0,0,0.0,0.0,96
2016,72,136,13056,1.5,1.5,1.0,0,0,0,0,0,0,2.4598543276567675,0.9801669415144276,1.0396966694270184,0.9801669415144276,1.0396966694270184,0,0.0,0,0.0,0.0,96
2016,73,140,13440,1.5,1.5,1.0,0,0,0,0,0,0,2.4250333449819834,0.9777762412743296,1.038955823786367,0.9777762412743296,1.038955823786367,0,0.0,0,0.0,0.0,96
2016,74,141,13536,1.5,1.5,1.0,0,0,0,0,0,0,2.433049145166657,0.9771266006579592,1.0392240113911897,0.9771266006579592,1.0392240113911897,0,0.0,0,0.0,0.0,96
2016,75,142,13632,1.5,1.5,1.0,0,0,0,0,0,0,2.448377482388797,0.9790421426218676,1.0391038011392124,0.9790421426218676,1.0391038011392124,0,0.0,0,0.0,0.0,96
2016,76,143,13728,1.5,1.5,1.0,0,0,0,0,0,0,2.461924767876521,0.9777239918938992,1.0393867174278628,0.9777239918938992,1.0393867174278628,0,0.0,0,0.0,0.0,96
2016,77,145,13920,1.5,1.5,1.0,0,0,0,0,0,0,2.4419125881536323,0.9813953784644552,1.039729580376266,0.9813953784644552,1.039729580376266,0,0.0,0,0.0,0.0,96
2016,78,148,14208,1.5,1.5,1.0,0,0,0,0,0,0,2.428585909802917,0.9766137285419064,1.0397312764444582,0.9766137285419064,1.0397312764444582,0,0.0,0,0.0,0.0,96
2016,79,149,14304,1.5,1.5,1.0,0,0,0,0,0,0,2.4538413018310155,0.9756725797025672,1.0401223589868198,0.9756725797025672,1.0401223589868198,0,0.0,0,0.0,0.0,96
2016,80,151,14496,1.5,1.5,1.0,0,0,0,0,0,0,2.448970711744556,0.9787229622351148,1.039136580020397,0.9787229622351148,1.039136580020397,0,0.0,0,0.0,0.0,96
2016,81,152,14592,1.5,1.5,1.0,0,0,0,0,0,0,2.4367859087920927,0.978730815427806,1.0394613958726258,0.978730815427806,1.0394613958726258,0,0.0,0,0.0,0.0,96
2016,82,154,14784,1.5,1.5,1.0,0,0,0,0,0,0,2.441694624795053,0.9783258860547884,1.0384322913481088,0.9783258860547884,1.0384322913481088,0,0.0,0,0.0,0.0,96
2016,83,156,14976,1.5,1.5,1.0,0,0,0,0,0,0,2.4635028609334557,0.9761397738529116,1.039470477002506,0.9761397738529116,1.039470477002506,0,0.0,0,0.0,0.0,96
2016,84,157,15072,1.5,1.5,1.0,0,0,0,0,0,0,2.445703940893796,0.9788482294935228,1.0395314777378373,0.9788482294935228,1.0395314777378373,0,0.0,0,0.0,0.0,96
2016,85,166,15936,1.5,1.5,1.0,0,0,0,0,0,0,2.4375798295782403,0.978713031515396,1.039162629073767,0.978713031515396,1.039162629073767,0,0.0,0,0.0,0.0,96
2016,87,168,16128,1.5,1.5,1.0,0,0,0,0,0,0,2.461276022229285,0.9784791082931336,1.0395689089392324,0.9784791082931336,1.0395689089392324,0,0.0,0,0.0,0.0,96
2016,86,169,16224,1.5,1.5,1.0,0,0,0,0,0,0,2.4481306209416704,0.9799261248208752,1.0393341726980685,0.9799261248208752,1.0393341726980685,0,0.0,0,0.0,0.0,96
2016,87,171,16416,1.5,1.5,1.0,0,0,0,0,0,0,2.430666590007137,0.9782150002675654,1.0388688546642697,0.9782150002675654,1.0388688546642697,0,0.0,0,0.0,0.0,96
2016,88,172,16512,1.5,1.5,1.0,0,0,0,0,0,0,2.44625116614694,0.975710353239571,1.0398524104915232,0.975710353239571,1.0398524104915232,0,0.0,0,0.0,0.0,96
2016,89,173,16608,1.5,1.5,1.0,0,0,0,0,0,0,2.424140532554808,0.9777147147221272,1.0390836354104067,0.9777147147221272,1.0390836354104067,0,0.0,0,0.0,0.0,96
2016,90,175,16800,1.5,1.5,1.0,0,0,0,0,0,0,2.4583935354684128,0.9773510904830848,1.0391549920095862,0.9773510904830848,1.0391549920095862,0,0.0,0,0.0,0.0,96
2016,91,176,16896,1.5,1.5,1.0,0,0,0,0,0,0,2.456006797710248,0.9787142034490454,1.040109718089929,0.9787142034490454,1.040109718089929,0,0.0,0,0.0,0.0,96
2016,92,178,17088,1.5,1.5,1.0,0,0,0,0,0,0,2.458108898483602,0.977817338369842,1.0397048985680155,0.977817338369842,1.0397048985680155,0,0.0,0,0.0,0.0,96
2016,93,179,17184,1.5,1.5,1.0,0,0,0,0,0,0,2.460538315740373,0.9759258493013068,1.0391848291850063,0.9759258493013068,1.0391848291850063,0,0.0,0,0.0,0.0,96
2016,94,181,17376,1.5,1.5,1.0,0,0,0,0,0,0,2.454279936392884,0.978406355792346,1.0394565501360191,0.978406355792346,1.0394565501360191,0,0.0,0,0.0,0.0,96
2016,95,183,17568,1.5,1.5,1.0,0,0,0,0,0,0,2.4485250424036438,0.9781014973646358,1.0386817421316716,0.9781014973646358,1.0386817421316716,0,0.0,0,0.0,0.0,96
2016,96,184,17664,1.5,1.5,1.0,0,0,0,0,0,0,2.4447214904860712,0.9798513176858064,1.0395625070470356,0.9798513176858064,1.0395625070470356,0,0.0,0,0.0,0.0,96
2016,97,187,17952,1.5,1.5,1.0,0,0,0,0,0,0,2.4324168176414016,0.9759706818268734,1.0389642993948636,0.9759706818268734,1.0389642993948636,0,0.0,0,0.0,0.0,96
2016,100,190,18240,1.5,1.5,1.0,0,0,0,0,0,0,2.4376580437405075,0.9799711676386786,1.0386984330120956,0.9799711676386786,1.0386984330120956,0,0.0,0,0.0,0.0,96
2016,98,192,18432,1.5,1.5,1.0,0,0,0,0,0,0,2.4664776795903807,0.9776799462168748,1.039498609431522,0.9776799462168748,1.039498609431522,0,0.0,0,0.0,0.0,96
2016,99,193,18528,1.5,1.5,1.0,0,0,0,0,0,0,2.4458170068555685,0.9775286366220842,1.0390431332390475,0.9775286366220842,1.0390431332390475,0,0.0,0,0.0,0.0,96
2016,100,197,18912,1.5,1.5,1.0,0,0,0,0,0,0,2.460455287063513,0.9772945965271088,1.039461854070859,0.9772945965271088,1.039461854070859,0,0.0,0,0.0,0.0,96
2016,101,201,19296,1.5,1.5,1.0,0,0,0,0,0,0,2.440479525495,0.976772267758707,1.039153939652401,0.976772267758707,1.039153939652401,0,0.0,0,0.0,0.0,96
2016,102,205,19680,1.5,1.5,1.0,0,0,0,0,0,0,2.441103026222902,0.9789632698843596,1.0381359609945524,0.9789632698843596,1.0381359609945524,0,0.0,0,0.0,0.0,96
2016,103,207,19872,1.5,1.5,1.0,0,0,0,0,0,0,2.456430066563148,0.9719221020355028,1.039935347323922,0.9719221020355028,1.039935347323922,0,0.0,0,0.0,0.0,96
2016,104,210,20160,1.5,1.5,1.0,0,0,0,0,0,0,2.442209353475159,0.97398812524655,1.03984814498747,0.97398812524655,1.03984814498747,0,0.0,0,0.0,0.0,96
2016,105,212,20352,1.5,1.5,1.0,0,0,0,0,0,0,2.439287790276263,0.9761302879665378,1.03947205816975,0.9761302879665378,1.03947205816975,0,0.0,0,0.0,0.0,96
2016,106,213,20448,1.5,1.5,1.0,0,0,0,0,0,0,2.4518831766050084,0.9784941991586978,1.0395204699953755,0.9784941991586978,1.0395204699953755,0,0.0,0,0.0,0.0,96
2016,107,216,20736,1.5,1.5,1.0,0,0,0,0,0,0,2.44331115967324,0.9781737172706316,1.0400979171512692,0.9781737172706316,1.0400979171512692,0,0.0,0,0.0,0.0,96
2016,108,219,21024,1.5,1.5,1.0,0,0,0,0,0,0,2.46336405354005,0.977071818246285,1.0389617872046213,0.977071818246285,1.0389617872046213,0,0.0,0,0.0,0.0,96
2016,109,220,21120,1.5,1.5,1.0,0,0,0,0,0,0,2.46180999133787,0.9800041378327276,1.038866262583677,0.9800041378327276,1.038866262583677,0,0.0,0,0.0,0.0,96
2016,110,226,21696,1.5,1.5,1.0,0,0,0,0,0,0,2.4396013841606963,0.9767399947569656,1.039578983202634,0.9767399947569656,1.039578983202634,0,0.0,0,0.0,0.0,96
2016,114,228,21888,1.5,1.5,1.0,0,0,0,0,0,0,2.4657200713498986,0.98165063078376,1.0396245848915109,0.98165063078376,1.0396245848915109,0,0.0,0,0.0,0.0,96
2016,111,230,22080,1.5,1.5,1.0,0,0,0,0,0,0,2.4421599021455576,0.9787483560078968,1.0395060510698624,0.9787483560078968,1.0395060510698624,0,0.0,0,0.0,0.0,96
2016,112,231,22176,1.5,1.5,1.0,0,0,0,0,0,0,2.459469873358599,0.9795931134426624,1.0395298841029443,0.9795931134426624,1.0395298841029443,0,0.0,0,0.0,0.0,96
2016,113,232,22272,1.5,1.5,1.0,0,0,0,0,0,0,2.4439998550172453,0.9802778377120664,1.0397933338611811,0.9802778377120664,1.0397933338611811,0,0.0,0,0.0,0.0,96
2016,114,234,22464,1.5,1.5,1.0,0,0,0,0,0,0,2.450895651204554,0.9781487467803096,1.0392884012325037,0.9781487467803096,1.0392884012325037,0,0.0,0,0.0,0.0,96
2016,115,235,22560,1.5,1.5,1.0,0,0,0,0,0,0,2.4525673701299486,0.9765731052115764,1.040053019942348,0.9765731052115764,1.040053019942348,0,0.0,0,0.0,0.0,96
2016,116,236,22656,1.5,1.5,1.0,0,0,0,0,0,0,2.4585111672942155,0.9796667479457856,1.0389072919945113,0.9796667479457856,1.0389072919945113,0,0.0,0,0.0,0.0,96
2016,117,239,22944,1.5,1.5,1.0,0,0,0,0,0,0,2.4461697134506264,0.9785925756240488,1.038343645776804,0.9785925756240488,1.038343645776804,0,0.0,0,0.0,0.0,96
2016,118,240,23040,1.5,1.5,1.0,0,0,0,0,0,0,2.459991987295103,0.978995274917956,1.0386608796012666,0.978995274917956,1.0386608796012666,0,0.0,0,0.0,0.0,96
2016,123,241,23136,1.5,1.5,1.0,0,0,0,0,0,0,2.4364060697175054,0.97784173444834,1.0387960436769867,0.97784173444834,1.0387960436769867,0,0.0,0,0.0,0.0,96
2016,119,244,23424,1.5,1.5,1.0,0,0,0,0,0,0,2.449782890367437,0.9794987033528724,1.039516643274485,0.9794987033528724,1.039516643274485,0,0.0,0,0.0,0.0,96
2016,120,245,23520,1.5,1.5,1.0,0,0,0,0,0,0,2.4340915210495786,0.978371331334446,1.039740953603383,0.978371331334446,1.039740953603383,0,0.0,0,0.0,0.0,96
2016,121,248,23808,1.5,1.5,1.0,0,0,0,0,0,0,2.460827569668468,0.9798363653502996,1.039811752467948,0.9798363653502996,1.039811752467948,0,0.0,0,0.0,0.0,96
2016,122,251,24096,1.5,1.5,1.0,0,0,0,0,0,0,2.4354113739263887,0.9786660937347412,1.0387149080481093,0.9786660937347412,1.0387149080481093,0,0.0,0,0.0,0.0,96
2016,123,253,24288,1.5,1.5,1.0,0,0,0,0,0,0,2.437688812799361,0.9787999189485276,1.0401795172994106,0.9787999189485276,1.0401795172994106,0,0.0,0,0.0,0.0,96
2016,124,254,24384,1.5,1.5,1.0,0,0,0,0,0,0,2.432416086011153,0.9805661537183944,1.0389587671112424,0.9805661537183944,1.0389587671112424,0,0.0,0,0.0,0.0,96
2016,125,257,24672,1.5,1.5,1.0,0,0,0,0,0,0,2.4344076398459182,0.9808279730196278,1.0388217406640174,0.9808279730196278,1.0388217406640174,0,0.0,0,0.0,0.0,96
2016,126,259,24864,1.5,1.5,1.0,0,0,0,0,0,0,2.4467457819110936,0.981631301225602,1.0396808592533555,0.981631301225602,1.0396808592533555,0,0.0,0,0.0,0.0,96
2016,127,261,25056,1.5,1.5,1.0,0,0,0,0,0,0,2.462280623228233,0.9777572090204842,1.0389509725118014,0.9777572090204842,1.0389509725118014,0,0.0,0,0.0,0.0,96
2016,128,266,25536,1.5,1.5,1.0,0,0,0,0,0,0,2.449058473483895,0.9771864697131551,1.0396981854251317,0.9771864697131551,1.0396981854251317,0,0.0,0,0.0,0.0,96
2016,129,267,25632,1.5,1.5,1.0,0,0,0,0,0,0,2.4488911978324377,0.9794162842641976,1.0400279774612695,0.9794162842641976,1.0400279774612695,0,0.0,0,0.0,0.0,96
2016,130,268,25728,1.5,1.5,1.0,0,0,0,0,0,0,2.4407183510641266,0.9797548626964776,1.0392240123041083,0.9797548626964776,1.0392240123041083,0,0.0,0,0.0,0.0,96
2016,131,269,25824,1.5,1.5,1.0,0,0,0,0,0,0,2.448375860506421,0.9790212928030422,1.0382912588210935,0.9790212928030422,1.0382912588210935,0,0.0,0,0.0,0.0,96
2016,132,271,26016,1.5,1.5,1.0,0,0,0,0,0,0,2.458659555358178,0.9757008981982598,1.039823808641711,0.9757008981982598,1.039823808641711,0,0.0,0,0.0,0.0,96
2016,133,272,26112,1.5,1.5,1.0,0,0,0,0,0,0,2.441394183312254,0.9806235797200964,1.039645447526542,0.9806235797200964,1.039645447526542,0,0.0,0,0.0,0.0,96
2016,134,273,26208,1.5,1.5,1.0,0,0,0,0,0,0,2.4494739671909525,0.972232148843923,1.0390820283875324,0.972232148843923,1.0390820283875324,0,0.0,0,0.0,0.0,96
2016,135,275,26400,1.5,1.5,1.0,0,0,0,0,0,0,2.4354620184825917,0.980519548676912,1.039316348076463,0.980519548676912,1.039316348076463,0,0.0,0,0.0,0.0,96
2016,136,276,26496,1.5,1.5,1.0,0,0,0,0,0,0,2.4544566838296977,0.9766878165433224,1.0392081363884007,0.9766878165433224,1.0392081363884007,0,0.0,0,0.0,0.0,96
2016,142,278,26688,1.5,1.5,1.0,0,0,0,0,0,0,2.458646137778436,0.979635181489046,1.0396025671043467,0.979635181489046,1.0396025671043467,0,0.0,0,0.0,0.0,96
2016,143,280,26880,1.5,1.5,1.0,0,0,0,0,0,0,2.434892349671922,0.976252093148848,1.039235317324286,0.976252093148848,1.039235317324286,0,0.0,0,0.0,0.0,96
2016,144,281,26976,1.5,1.5,1.0,0,0,0,0,0,0,2.4127393171441174,0.9800449129786902,1.0398395425112383,0.9800449129786902,1.0398395425112383,0,0.0,0,0.0,0.0,96
2016,137,282,27072,1.5,1.5,1.0,0,0,0,0,0,0,2.442669813877249,0.9815186838003824,1.038318880807665,0.9815186838003824,1.038318880807665,0,0.0,0,0.0,0.0,96
2016,138,283,27168,1.5,1.5,1.0,0,0,0,0,0,0,2.4356856973745056,0.9801371781669086,1.0394539480558105,0.9801371781669086,1.0394539480558105,0,0.0,0,0.0,0.0,96
2016,139,284,27264,1.5,1.5,1.0,0,0,0,0,0,0,2.4502454485818244,0.978510295589092,1.0394019495852571,0.978510295589092,1.0394019495852571,0,0.0,0,0.0,0.0,96
2016,140,285,27360,1.5,1.5,1.0,0,0,0,0,0,0,2.464701686217124,0.979453183151392,1.0398506812752912,0.979453183151392,1.0398506812752912,0,0.0,0,0.0,0.0,96
2016,141,287,27552,1.5,1.5,1.0,0,0,0,0,0,0,2.458507057428861,0.9783793765362716,1.0399109556535464,0.9783793765362716,1.0399109556535464,0,0.0,0,0.0,0.0,96
2016,142,288,27648,1.5,1.5,1.0,0,0,0,0,0,0,2.4362525970727065,0.9797334313123548,1.039419958366166,0.9797334313123548,1.039419958366166,0,0.0,0,0.0,0.0,96
2016,143,289,27744,1.5,1.5,1.0,0,0,0,0,0,0,2.4250029709890084,0.9773352120601836,1.039248618595945,0.9773352120601836,1.039248618595945,0,0.0,0,0.0,0.0,96
2016,144,290,27840,1.5,1.5,1.0,0,0,0,0,0,0,2.4515401057013277,0.9771518053941116,1.0388310985040186,0.9771518053941116,1.0388310985040186,0,0.0,0,0.0,0.0,96
2016,153,291,27936,1.5,1.5,1.0,0,0,0,0,0,0,2.456347067596016,0.9775791283535884,1.0387363418028883,0.9775791283535884,1.0387363418028883,0,0.0,0,0.0,0.0,96
2016,145,292,28032,1.5,1.5,1.0,0,0,0,0,0,0,2.4161642070554104,0.9786456766003286,1.0401716196622055,0.9786456766003286,1.0401716196622055,0,0.0,0,0.0,0.0,96
2016,146,293,28128,1.5,1.5,1.0,0,0,0,0,0,0,2.44322620993674,0.9783202582440642,1.0390694100748312,0.9783202582440642,1.0390694100748312,0,0.0,0,0.0,0.0,96
2016,147,294,28224,1.5,1.5,1.0,0,0,0,0,0,0,2.437692942002946,0.9792256509741308,1.038668683508397,0.9792256509741308,1.038668683508397,0,0.0,0,0.0,0.0,96
2016,148,295,28320,1.5,1.5,1.0,0,0,0,0,0,0,2.4476607305769464,0.9790287174297184,1.0394304548183395,0.9790287174297184,1.0394304548183395,0,0.0,0,0.0,0.0,96
2016,149,296,28416,1.5,1.5,1.0,0,0,0,0,0,0,2.446261665146844,0.9786099548115896,1.0404297149171144,0.9786099548115896,1.0404297149171144,0,0.0,0,0.0,0.0,96
2016,150,297,28512,1.5,1.5,1.0,0,0,0,0,0,0,2.4636547033341523,0.9772842709237536,1.0399982332759654,0.9772842709237536,1.0399982332759654,0,0.0,0,0.0,0.0,96
2016,160,298,28608,1.5,1.5,1.0,0,0,0,0,0,0,2.444639375612017,0.9821377641615971,1.0386046598910357,0.9821377641615971,1.0386046598910357,0,0.0,0,0.0,0.0,96
2016,151,299,28704,1.5,1.5,1.0,0,0,0,0,0,0,2.4615033487654245,0.9757618035551952,1.0389791007254845,0.9757618035551952,1.0389791007254845,0,0.0,0,0.0,0.0,96
2016,152,300,28800,1.5,1.5,1.0,0,0,0,0,0,0,2.448254920369969,0.9817944194535696,1.0398271398380752,0.9817944194535696,1.0398271398380752,0,0.0,0,0.0,0.0,96
2016,153,302,28992,1.5,1.5,1.0,0,0,0,0,0,0,2.4565869392482456,0.981932086882667,1.0388322045728462,0.981932086882667,1.0388322045728462,0,0.0,0,0.0,0.0,96
2016,154,305,29280,1.5,1.5,1.0,0,0,0,0,0,0,2.4544218136549967,0.978582097550484,1.0383128101630543,0.978582097550484,1.0383128101630543,0,0.0,0,0.0,0.0,96
2016,155,306,29376,1.5,1.5,1.0,0,0,0,0,0,0,2.4277910238352503,0.977533601530038,1.039548244525841,0.977533601530038,1.039548244525841,0,0.0,0,0.0,0.0,96
2016,156,307,29472,1.5,1.5,1.0,0,0,0,0,0,0,2.4416055526511524,0.979154825165528,1.0393376997894768,0.979154825165528,1.0393376997894768,0,0.0,0,0.0,0.0,96
2016,157,308,29568,1.5,1.5,1.0,0,0,0,0,0,0,2.4391311016806614,0.975180652486981,1.0393980169397838,0.975180652486981,1.0393980169397838,0,0.0,0,0.0,0.0,96
2016,158,312,29952,1.5,1.5,1.0,0,0,0,0,0,0,2.43136008968334,0.9751942659848072,1.0397971963631627,0.9751942659848072,1.0397971963631627,0,0.0,0,0.0,0.0,96
2016,159,315,30240,1.5,1.5,1.0,0,0,0,0,0,0,2.4546160674653072,0.9786602460752338,1.0389780110499578,0.9786602460752338,1.0389780110499578,0,0.0,0,0.0,0.0,96
2016,160,317,30432,1.5,1.5,1.0,0,0,0,0,0,0,2.4664892612472817,0.976210696295268,1.0391116793546928,0.976210696295268,1.0391116793546928,0,0.0,0,0.0,0.0,96
2016,161,319,30624,1.5,1.5,1.0,0,0,0,0,0,0,2.4483167211707144,0.9745627022101288,1.0395419337485234,0.9745627022101288,1.0395419337485234,0,0.0,0,0.0,0.0,96
2016,162,321,30816,1.5,1.5,1.0,0,0,0,0,0,0,2.4308139355169867,0.9779385413569064,1.0386580552432152,0.9779385413569064,1.0386580552432152,0,0.0,0,0.0,0.0,96
2016,173,322,30912,1.5,1.5,1.0,0,0,0,0,0,0,2.4399354732823912,0.9776569782053058,1.0396075173654105,0.9776569782053058,1.0396075173654105,0,0.0,0,0.0,0.0,96
2016,163,326,31296,1.5,1.5,1.0,0,0,0,0,0,0,2.4467030860213588,0.9727997656813228,1.0392917121025036,0.9727997656813228,1.0392917121025036,0,0.0,0,0.0,0.0,96
2016,164,329,31584,1.5,1.5,1.0,0,0,0,0,0,0,2.467044417738377,0.9789671850798706,1.0400568912395012,0.9789671850798706,1.0400568912395012,0,0.0,0,0.0,0.0,96
2016,165,331,31776,1.5,1.5,1.0,0,0,0,0,0,0,2.456448563854008,0.9801083336940898,1.038857434632149,0.9801083336940898,1.038857434632149,0,0.0,0,0.0,0.0,96
2016,166,332,31872,1.5,1.5,1.0,0,0,0,0,0,0,2.45529392665464,0.975593282557604,1.0392825682400353,0.975593282557604,1.0392825682400353,0,0.0,0,0.0,0.0,96
2016,167,333,31968,1.5,1.5,1.0,0,0,0,0,0,0,2.4383209043520377,0.9809732551297172,1.0391593878404617,0.9809732551297172,1.0391593878404617,0,0.0,0,0.0,0.0,96
2016,168,335,32160,1.5,1.5,1.0,0,0,0,0,0,0,2.4470654627952912,0.9785949472334902,1.0400069320165888,0.9785949472334902,1.0400069320165888,0,0.0,0,0.0,0.0,96
2016,169,336,32256,1.5,1.5,1.0,0,0,0,0,0,0,2.4588674877448637,0.9751765578946062,1.0384732915601755,0.9751765578946062,1.0384732915601755,0,0.0,0,0.0,0.0,96
2016,170,337,32352,1.5,1.5,1.0,0,0,0,0,0,0,2.4467724716541777,0.9809813341418776,1.038948134222406,0.9809813341418776,1.038948134222406,0,0.0,0,0.0,0.0,96
2016,171,338,32448,1.5,1.5,1.0,0,0,0,0,0,0,2.4509776796880853,0.9778115642644032,1.0393349281314068,0.9778115642644032,1.0393349281314068,0,0.0,0,0.0,0.0,96
2016,172,339,32544,1.5,1.5,1.0,0,0,0,0,0,0,2.4641265180991736,0.978968590964324,1.0394961541223238,0.978968590964324,1.0394961541223238,0,0.0,0,0.0,0.0,96
2016,173,341,32736,1.5,1.5,1.0,0,0,0,0,0,0,2.418853581062959,0.9785817213491652,1.038879140705651,0.9785817213491652,1.038879140705651,0,0.0,0,0.0,0.0,96
2016,174,342,32832,1.5,1.5,1.0,0,0,0,0,0,0,2.4355571958579767,0.973569251350948,1.0396317627663805,0.973569251350948,1.0396317627663805,0,0.0,0,0.0,0.0,96
2016,175,345,33120,1.5,1.5,1.0,0,0,0,0,0,0,2.4284990577600074,0.97399714345398,1.0395822413651905,0.97399714345398,1.0395822413651905,0,0.0,0,0.0,0.0,96
2016,176,347,33312,1.5,1.5,1.0,0,0,0,0,0,0,2.451380248600536,0.9759672804223798,1.0399213103675575,0.9759672804223798,1.0399213103675575,0,0.0,0,0.0,0.0,96
2016,177,348,33408,1.5,1.5,1.0,0,0,0,0,0,0,2.442488428504348,0.977043108304068,1.0395605636776413,0.977043108304068,1.0395605636776413,0,0.0,0,0.0,0.0,96
2016,178,349,33504,1.5,1.5,1.0,0,0,0,0,0,0,2.4422915449877665,0.97370452457753,1.0384813484111035,0.97370452457753,1.0384813484111035,0,0.0,0,0.0,0.0,96
2016,179,351,33696,1.5,1.5,1.0,0,0,0,0,0,0,2.434491661975369,0.9803261779297724,1.039554407062217,0.9803261779297724,1.039554407062217,0,0.0,0,0.0,0.0,96
2016,191,352,33792,1.5,1.5,1.0,0,0,0,0,0,0,2.4724492086709016,0.981012063391112,1.0402283681846918,0.981012063391112,1.0402283681846918,0,0.0,0,0.0,0.0,96
2016,180,354,33984,1.5,1.5,1.0,0,0,0,0,0,0,2.4467120640109883,0.9786657984474256,1.0395302259249222,0.9786657984474256,1.0395302259249222,0,0.0,0,0.0,0.0,96
2016,181,355,34080,1.5,1.5,1.0,0,0,0,0,0,0,2.477068468888064,0.9783569294496786,1.0395123518138836,0.9783569294496786,1.0395123518138836,0,0.0,0,0.0,0.0,96
2016,182,356,34176,1.5,1.5,1.0,0,0,0,0,0,0,2.442350546001584,0.98163694285068,1.0392889027588723,0.98163694285068,1.0392889027588723,0,0.0,0,0.0,0.0,96
2016,183,361,34656,1.5,1.5,1.0,0,0,0,0,0,0,2.443001524049368,0.9806538782252876,1.0397089908745365,0.9806538782252876,1.0397089908745365,0,0.0,0,0.0,0.0,96
2016,196,362,34752,1.5,1.5,1.0,0,0,0,0,0,0,2.451313624561968,0.9801549372502084,1.0388674536170526,0.9801549372502084,1.0388674536170526,0,0.0,0,0.0,0.0,96
2016,184,364,34944,1.5,1.5,1.0,0,0,0,0,0,0,2.4359151370005017,0.9757134774056904,1.03894258700459,0.9757134774056904,1.03894258700459,0,0.0,0,0.0,0.0,96
2016,198,366,35136,1.5,1.5,1.0,0,0,0,0,0,0,2.447039846654855,0.976013973340074,1.0391933100953632,0.976013973340074,1.0391933100953632,0,0.0,0,0.0,0.0,96
2016,185,367,35232,1.5,1.5,1.0,0,0,0,0,0,0,2.447820464111964,0.9774162034182408,1.0384326628869307,0.9774162034182408,1.0384326628869307,0,0.0,0,0.0,0.0,96
