scores,violation_sum_s,grid_loss_sum_s,pf_fail_sum_s
-190.80633285432683,20.0,-10.621008075085104,0.0
-288.11686478949406,26.0,-8.793824748851844,0.0
-53.25305143442328,8.0,-8.112180890024058,0.0
-597.3197004561273,33.0,-10.854931631195011,0.0
-523.0622938740021,31.0,-11.157934163146013,0.0
-115.09420314872797,14.0,-6.679842824360857,0.0
-144.69555881827608,16.0,-7.567153142858121,0.0
-77.01651919697171,16.0,-6.211051557130922,0.0
-141.89027296357494,20.0,-9.404532986091827,0.0
-389.69503886195866,24.0,-9.941351513368916,0.0
-266.84806487447554,26.0,-8.717085207085951,0.0
-650.8544187421458,43.0,-16.143374473498678,0.0
-153.86925934714463,15.0,-6.647261608356339,0.0
-247.98712552642337,22.0,-7.72238100194332,0.0
-46.54064621308382,10.0,-7.547183833932379,0.0
-293.3639969106085,28.0,-9.74710634252623,0.0
-158.59890401878351,24.0,-8.543106496396021,0.0
-559.0531619069251,40.0,-15.137006453457232,0.0
-221.51778032196876,23.0,-11.048900809614395,0.0
-99.43208880370544,8.0,-5.690059771364981,0.0
-172.48103767527485,15.0,-8.069136354832354,0.0
-111.79080479303856,13.0,-6.758242011814319,0.0
-615.9016972624096,30.0,-10.61133256137585,0.0
-68.92930091429092,11.0,-5.534447095938071,0.0
-117.93101874076797,16.0,-8.148507472746894,0.0
-333.0817830649256,20.0,-7.889594159994949,0.0
-48.99072612959799,9.0,-5.861586003487852,0.0
-181.34120170053484,21.0,-9.627825963731878,0.0
-76.5676532709517,14.0,-9.294174168266213,0.0
-181.81972051757197,22.0,-7.352406080621874,0.0
-57.29997027380639,9.0,-7.465378555206063,0.0
-191.83944832237134,19.0,-9.951480019024132,0.0
-539.4497410810612,27.0,-13.583727865880846,0.0
-47.969792854857715,7.0,-5.4013566685335395,0.0
-146.05074765043284,18.0,-10.647560410383013,0.0
-753.822230126366,46.0,-11.91334230216507,0.0
-76.87732024818582,14.0,-6.800874672891475,0.0
-59.34073546408719,10.0,-6.6218345444833275,0.0
-582.984286021802,26.0,-10.756394326844228,0.0
-316.7190372929721,25.0,-10.656789128450235,0.0
-125.20745947187363,15.0,-7.173666922273134,0.0
-330.38535097929565,27.0,-9.582801243296107,0.0
-231.9701363949842,21.0,-8.749211414886062,0.0
-23.559125488268624,4.0,-7.106044426513655,0.0
-196.78759286437463,22.0,-8.779198132928821,0.0
-150.4999286374639,15.0,-6.950899840514967,0.0
-43.48918928571216,8.0,-7.426900532239277,0.0
-58.73631345312831,10.0,-8.065865861411737,0.0
-57.59854360753226,9.0,-4.826166209813756,0.0
-35.27037584259264,7.0,-7.181041068928894,0.0
-53.2214453057277,11.0,-7.931599920634186,0.0
-105.99276141917801,15.0,-8.09969568236403,0.0
-178.31848243165066,25.0,-8.807177476934784,0.0
-404.6355530192481,30.0,-9.773760305451088,0.0
-29.707854256970837,7.0,-7.972660646047704,0.0
-233.70192487885902,25.0,-8.893037945003297,0.0
-137.94525257942792,18.0,-8.81486903826918,0.0
-167.872604423446,16.0,-8.080554979777515,0.0
-188.63878777451725,17.0,-8.487534798656501,0.0
-237.15530970444001,19.0,-12.144368223451277,0.0
-276.69616348712754,30.0,-12.07327381317669,0.0
-298.4254523927939,28.0,-8.903347559300727,0.0
-157.48171135475565,22.0,-7.017588411849597,0.0
-266.3618075336382,27.0,-13.186904263274602,0.0
-100.92856058695246,14.0,-7.487162682933042,0.0
-50.745471439910595,8.0,-8.07384368738083,0.0
-94.32071786017495,13.0,-6.125790254445478,0.0
-70.6318952035383,11.0,-8.145540565038317,0.0
-56.35497330223038,8.0,-6.423200219919504,0.0
-428.81897093799046,30.0,-11.234662570193601,0.0
-30.997084506749413,5.0,-4.951301413095343,0.0
-38.43507469860032,9.0,-7.523412835756551,0.0
-30.097587068737578,5.0,-5.3635237899313,0.0
-36.063724704057584,7.0,-6.455479193988244,0.0
-148.22947326991803,23.0,-8.03958536886443,0.0
-61.497596951415915,10.0,-5.826261331375833,0.0
-114.18002499571304,18.0,-8.37151282507316,0.0
-77.16110994096897,18.0,-9.367148636475887,0.0
-128.8443941436462,20.0,-8.277254993530242,0.0
-392.482542712728,29.0,-12.589079282890436,0.0
-12.841220174538723,5.0,-5.778902205609482,0.0
-138.05234838264676,19.0,-9.306916706688906,0.0
-230.50832891111625,24.0,-10.370720863619807,0.0
-145.60505077702325,24.0,-9.931161125670076,0.0
-158.34436854303215,19.0,-9.985473585550475,0.0
-195.8309523356949,24.0,-9.737964262172754,0.0
-34.963559878888304,10.0,-6.654580769862536,0.0
-88.53460089874764,13.0,-6.626672969721258,0.0
-13.247043381450029,2.0,-4.434419713221259,0.0
-47.05424628118086,9.0,-6.770218064059324,0.0
-116.54970902620637,16.0,-10.143447372594883,0.0
-185.04592356672808,14.0,-7.846181992918563,0.0
-138.68228445414346,20.0,-9.464168314065954,0.0
-150.52758220069774,16.0,-7.28817252251502,0.0
-117.94559034952569,15.0,-5.9204681723768955,0.0
-88.82421954010869,16.0,-8.284002788235368,0.0
-51.282413844151755,6.0,-8.216715917073543,0.0
-51.52174710915691,15.0,-9.444089298749807,0.0
-67.54669767093185,15.0,-9.393094951030458,0.0
-45.05300573124792,6.0,-5.43511763299954,0.0
-42.959223736563885,9.0,-7.800278324774838,0.0
-15.79747542453151,4.0,-5.4977483401611815,0.0
-160.4953204530956,20.0,-10.677101858990305,0.0
-69.26178695382458,6.0,-5.552111008019136,0.0
-133.2743372185636,15.0,-10.7960174095703,0.0
-28.024909045453686,7.0,-6.675337835604904,0.0
-26.47314867940798,5.0,-6.28054513016312,0.0
-25.482550731051752,7.0,-5.521127284952223,0.0
-65.18880921195074,16.0,-7.480779348173527,0.0
-197.72443644806603,23.0,-10.167981786020956,0.0
-30.376018511459815,10.0,-7.16207783739216,0.0
-15.851659524457686,2.0,-5.063251642832784,0.0
-89.45204027697667,14.0,-10.279073174829438,0.0
-74.2484473243681,16.0,-9.336311545606382,0.0
-15.248930631759682,1.0,-4.693119119641823,0.0
-123.84887795867245,21.0,-7.9211382547517495,0.0
-127.43589743157658,19.0,-10.844721431491589,0.0
-26.012421789807433,7.0,-7.089744369692448,0.0
-43.353392451201096,10.0,-6.892060204721269,0.0
-57.57590719029483,11.0,-7.834301913016717,0.0
-105.05636539972782,11.0,-7.109703745125408,0.0
-62.58111800460034,8.0,-8.876967907104955,0.0
-104.95712979867946,11.0,-7.5272492451258755,0.0
-39.042439933269435,8.0,-8.601480285848146,0.0
-13.512538168491481,8.0,-6.754646109868162,0.0
-51.05303935287206,11.0,-7.280599476683968,0.0
-116.21980875863464,14.0,-7.316273065034307,0.0
-191.9960817554602,22.0,-12.198742360120113,0.0
-104.27424430009171,13.0,-8.376431581976876,0.0
-20.011312724346716,3.0,-5.413741726298659,0.0
-85.21557174774703,18.0,-8.13043974033611,0.0
-20.23286423620293,2.0,-6.364076121484057,0.0
-16.638417016744096,6.0,-6.027606594236968,0.0
-21.898197912045752,4.0,-5.42510145673121,0.0
-20.3097130332277,4.0,-5.198623309190575,0.0
-63.61195264639072,5.0,-8.58137372139424,0.0
-43.59227252818336,9.0,-7.120400157227566,0.0
-18.617819945727096,2.0,-5.328096365253363,0.0
-26.164620288691083,4.0,-6.90997902799572,0.0
-39.700313276994265,6.0,-6.108862121444327,0.0
-22.94272680932836,3.0,-5.180055957231767,0.0
-194.91568456822873,19.0,-8.901199510076127,0.0
-8.367448746581593,1.0,-5.179904764810403,0.0
-44.61701760333106,10.0,-6.728200919356288,0.0
-21.018210270129995,5.0,-5.971679872103384,0.0
-70.24578442989251,14.0,-7.853245460122468,0.0
-97.57839963463914,13.0,-10.002426610690376,0.0
-74.21620957710341,16.0,-9.48940574475786,0.0
-110.91141739703131,18.0,-9.110797268671309,0.0
-35.04136173833102,10.0,-7.6423675647244735,0.0
-12.055938436615588,4.0,-6.340970025983814,0.0
-25.786731325362425,7.0,-6.904343411857755,0.0
-55.595810807374484,12.0,-7.4542401276165595,0.0
-85.91408394655113,10.0,-6.469492134554045,0.0
-10.57901788046936,2.0,-4.6110018507977575,0.0
-7.324020398811302,1.0,-6.749327068194797,0.0
-34.436869042442574,8.0,-6.699882429030419,0.0
-20.86842262273595,6.0,-8.085291862126281,0.0
-55.12942266438842,9.0,-7.482504061729666,0.0
-56.323758127253335,10.0,-5.535346401937262,0.0
-77.86896176892267,15.0,-8.679617231809875,0.0
-16.921615300029377,5.0,-5.492013932128487,0.0
-43.125831612418985,4.0,-6.688342647488107,0.0
-35.99166202511039,7.0,-6.886123119803094,0.0
-55.03294168605092,3.0,-5.375708493615522,0.0
-191.18631417953287,19.0,-9.229765405432302,0.0
-71.97812829616814,17.0,-6.423003260989945,0.0
-69.22825568860948,11.0,-7.023269997252398,0.0
-46.72644369017551,7.0,-5.966584451725638,0.0
-15.105189001096948,6.0,-6.134383776245138,0.0
-108.14969517816176,17.0,-10.034813876371505,0.0
-74.263466217433,10.0,-9.33687783209734,0.0
-7.039800660918811,1.0,-6.983825577833553,0.0
-11.267975231624726,3.0,-6.47283342694876,0.0
-31.179914007106973,8.0,-7.853023959859812,0.0
-5.758101150537249,1.0,-3.966367165860203,0.0
-11.879167321351927,1.0,-4.375305284895895,0.0
-7.731111294765583,2.0,-5.076536107112163,0.0
-39.40105940380178,5.0,-6.496320923005516,0.0
-52.01569272472118,8.0,-9.927937145071729,0.0
-9.03625966063764,1.0,-5.995970268122914,0.0
-4.412518805940085,0.0,-4.412518805940085,0.0
-30.603885122964144,4.0,-7.2219019061039385,0.0
-9.641809745455044,2.0,-4.813072658120377,0.0
-39.91595772706892,4.0,-8.26841093302831,0.0
-70.06395291734512,8.0,-8.543277984014285,0.0
-6.808667530806093,2.0,-5.6160456284053675,0.0
-59.492819711410974,12.0,-7.3096136297796726,0.0
-42.87525361487862,7.0,-8.513744496133345,0.0
-34.59816877033942,10.0,-6.251205900035289,0.0
-7.426486852557433,2.0,-4.040338232683889,0.0
-16.026369669722776,6.0,-7.427639998574173,0.0
-7.78580659546607,2.0,-5.974692386493074,0.0
-6.06001781547193,1.0,-5.746668390881904,0.0
-5.88072965757638,0.0,-5.88072965757638,0.0
-13.469408805974595,3.0,-5.814602369760382,0.0
-5.5139165733896185,0.0,-5.5139165733896185,0.0
-20.794908936711366,2.0,-7.358279212394139,0.0
-77.01588528068045,11.0,-9.480755131546688,0.0
-14.084727007706245,3.0,-5.99264737178515,0.0
-19.710797844324386,2.0,-6.0186051776174825,0.0
-5.26763171194424,2.0,-4.69599937616516,0.0
-12.000052137866414,1.0,-4.683365577547626,0.0
-9.336358916957096,5.0,-5.787668463237388,0.0
-37.50551257359969,6.0,-5.46815217264167,0.0
-10.364600680550922,3.0,-7.493788780238614,0.0
-13.261192463916018,1.0,-6.700734945264588,0.0
-6.6134010052291625,0.0,-6.6134010052291625,0.0
-31.382712964986258,3.0,-5.032060088077302,0.0
-9.256284636094394,2.0,-5.553870844451572,0.0
-28.304890435441195,4.0,-7.4429584932182955,0.0
-10.076162330295544,6.0,-5.747502373545543,0.0
-7.753412672053923,2.0,-5.585705312265993,0.0
-21.303674415003663,6.0,-5.107822259672171,0.0
-7.082550685669635,1.0,-6.411048665748358,0.0
-20.290428263098963,5.0,-7.672845680789376,0.0
-49.90274044525136,9.0,-7.005874366804596,0.0
-23.517216846863743,7.0,-6.927829471451161,0.0
-4.297605714683516,1.0,-3.8324172085794737,0.0
-7.851827767954184,5.0,-6.171945308891219,0.0
-19.305410064345143,5.0,-6.7526645237415615,0.0
-5.214110210922906,0.0,-5.214110210922906,0.0
-34.055045332384424,5.0,-6.017559178203761,0.0
-19.292538709897503,5.0,-7.125976303503564,0.0
-27.570600163596552,4.0,-7.150258271641293,0.0
-11.259435135633147,1.0,-5.149650776357738,0.0
-12.02789541610739,2.0,-5.221271853528526,0.0
-5.878155411595075,1.0,-5.14092045263462,0.0
-42.204183889098054,7.0,-7.156705234408914,0.0
-7.607710754832284,2.0,-5.514378175515718,0.0
-15.211350842068123,3.0,-6.673802969697169,0.0
-48.798056963917055,9.0,-6.423928856564489,0.0
-6.8842386930114685,2.0,-4.779095095914476,0.0
-31.292930454605997,8.0,-6.918767998170444,0.0
-4.666520754257915,0.0,-4.666520754257915,0.0
-6.047280625122873,1.0,-4.285618502064945,0.0
-19.322832034751404,4.0,-7.964415289972432,0.0
-7.361454430318063,1.0,-5.407563805289221,0.0
-5.987249064977038,1.0,-5.198835148998557,0.0
-7.876874108001723,2.0,-7.385446898024044,0.0
-21.05781416396021,7.0,-6.2519773517804325,0.0
-5.094409184638702,1.0,-5.068983717670881,0.0
-13.288971760136944,4.0,-5.137947537285114,0.0
-11.718579290100953,3.0,-4.563454352746157,0.0
-6.949567956141353,0.0,-6.949567956141353,0.0
-12.411672471234956,4.0,-6.5673229219556015,0.0
-5.186460688545302,2.0,-5.094646434182548,0.0
-12.236918674565143,3.0,-6.391373357857481,0.0
-9.245382536870038,4.0,-5.45301058984222,0.0
-21.15653514257454,5.0,-6.163410661780314,0.0
-13.878231035497484,5.0,-6.614927857650536,0.0
-21.0224378268077,6.0,-5.522608137533291,0.0
-7.070935498418068,2.0,-6.403171151382964,0.0
-3.8929359001644697,0.0,-3.8929359001644697,0.0
-7.155093915400235,2.0,-4.698889474481314,0.0
-5.493770798040249,0.0,-5.493770798040249,0.0
-11.877933585361436,4.0,-7.931842973399988,0.0
-9.841992574925703,1.0,-6.531694614763233,0.0
-10.96386475415511,4.0,-6.5117805716893224,0.0
-7.926218840860446,1.0,-5.312805045676573,0.0
-5.294893759887703,1.0,-4.602722574697322,0.0
-56.36958712522461,10.0,-8.90100551337289,0.0
-5.856009587303355,0.0,-5.856009587303355,0.0
-23.32495181876865,5.0,-6.268737048724002,0.0
-9.909841825039582,4.0,-6.467692381375704,0.0
-10.259533322860063,7.0,-6.7467608893699555,0.0
-11.257557281332776,2.0,-4.760138338580757,0.0
-3.8281663952250535,0.0,-3.8281663952250535,0.0
-4.450497038265124,0.0,-4.450497038265124,0.0
-4.743198920791557,0.0,-4.743198920791557,0.0
-7.19540369397551,0.0,-7.19540369397551,0.0
-16.649808509797257,6.0,-6.814798279584628,0.0
-47.6904009450453,7.0,-6.3708567176891195,0.0
-8.506037112399003,2.0,-7.327543743554479,0.0
-17.20662141075782,4.0,-5.822230771730541,0.0
-8.036663806885866,0.0,-8.036663806885866,0.0
-12.163041127769146,3.0,-6.950822304246959,0.0
-5.598438985285615,1.0,-5.204524103017493,0.0
-4.6671960965162524,2.0,-4.1397675508478455,0.0
-4.627191820992167,2.0,-4.063862520836131,0.0
-10.354168328229177,1.0,-5.938368424692467,0.0
-5.79012533238963,0.0,-5.79012533238963,0.0
-8.037537702571415,1.0,-7.091253336349929,0.0
-7.685055478442261,4.0,-5.002658287279383,0.0
-5.131812984772752,0.0,-5.131812984772752,0.0
-6.462728931481122,1.0,-5.207356183011826,0.0
-16.362948323970787,4.0,-5.415005793964753,0.0
-5.3040018545509975,0.0,-5.3040018545509975,0.0
-8.020247586068644,2.0,-6.589466893721165,0.0
-9.704813914436953,3.0,-4.318759467332023,0.0
-22.34621082881915,5.0,-5.8978304464877205,0.0
-7.444364507771527,1.0,-6.747917454313689,0.0
-4.0004328980057755,0.0,-4.0004328980057755,0.0
-12.127466679658815,1.0,-4.0611064211106696,0.0
-5.685698191306761,0.0,-5.685698191306761,0.0
-10.005250166218676,2.0,-5.013053361953909,0.0
-7.016297221548114,2.0,-5.150054781245735,0.0
-6.762864487880679,1.0,-6.060452918385637,0.0
-7.675290839563788,1.0,-4.891802492354341,0.0
-5.405043854517357,0.0,-5.405043854517357,0.0
