candidate_id,risk,pf_fail_rate,mean_daily_loss_mwh,mean_intervention_rate,projection_failure_steps,worst_vmin,worst_vmax,raw_worst_vmin,raw_worst_vmax,seed,pv_s_scale,svc_q_scale,cap_total_mvar,selection_role,resource_index,path_fraction
0,0.0,0.0,0.8672991957211041,0.004322916666666646,0,0.9505000002619868,1.0359482571499024,0.9433702870249968,1.0359482571499024,42,0.7,0.7,0.0,optimiser_candidate,70.0,
1,0.0,0.0,0.88042365758457,0.0021874999999999876,0,0.950500000380266,1.0360481462295112,0.944527466974263,1.0360481462295112,42,0.7,0.7421052631578947,0.0,optimiser_candidate,72.10526315789474,
2,0.0,0.0,0.8964987680067955,0.001145833333333326,0,0.950500000480833,1.036147891187061,0.9456779521074544,1.036147891187061,42,0.7,0.7842105263157895,0.0,optimiser_candidate,74.21052631578948,
20,0.0,0.0,0.8766845472819565,0.004166666666666647,0,0.9505000002981908,1.0350027651967113,0.9436152036893696,1.0350027651967113,42,0.7421052631578947,0.7,0.0,optimiser_candidate,72.10526315789474,
21,0.0,0.0,0.8902268581893389,0.0019791666666666547,0,0.9505000003305364,1.0350881540598889,0.9447752034856988,1.0350881540598889,42,0.7421052631578947,0.7421052631578947,0.0,optimiser_candidate,74.21052631578947,
40,0.0,0.0,0.8872952435369119,0.0034374999999999835,0,0.9505000003503368,1.0340542280869172,0.9438649400980302,1.0340542280869172,42,0.7842105263157895,0.7,0.0,optimiser_candidate,74.21052631578948,
400,0.0,0.0,0.8385926296947391,0.002135416666666655,0,0.95050000019883,1.037139576159691,0.9445635345493674,1.037139576159691,42,0.7,0.7,0.25,optimiser_candidate,70.5,
401,0.0,0.0,0.8544805455588491,0.0010937499999999932,0,0.9505000003117348,1.0372391370700402,0.9457326930060318,1.0372391370700402,42,0.7,0.7421052631578947,0.25,optimiser_candidate,72.60526315789474,
420,0.0,0.0,0.847550557203795,0.0018749999999999887,0,0.9505000003335417,1.0360985777950116,0.944796381689242,1.0360985777950116,42,0.7421052631578947,0.7,0.25,optimiser_candidate,72.60526315789474,
421,0.0,0.0,0.8638233435639071,0.0009895833333333271,0,0.950500000397338,1.036183205090333,0.9459659878802238,1.036183205090333,42,0.7421052631578947,0.7421052631578947,0.25,optimiser_candidate,74.71052631578947,
440,0.0,0.0,0.8575777859212487,0.0015104166666666573,0,0.9505000004852276,1.0350520981271227,0.9450309668989264,1.0350520981271227,42,0.7842105263157895,0.7,0.25,optimiser_candidate,74.71052631578948,
800,0.0,0.0,0.837094371408376,0.0010416666666666601,0,0.9505000004281452,1.0382571147204296,0.9457282442406146,1.0382571147204296,42,0.7,0.7,0.5,optimiser_candidate,71.0,
801,0.0,0.0,0.8556481942852714,0.000468749999999997,0,0.9505000003652588,1.0383417015523035,0.9468910959658232,1.0383417015523035,42,0.7,0.7421052631578947,0.5,optimiser_candidate,73.10526315789474,
820,0.0,0.0,0.845460791236581,0.000885416666666661,0,0.9505000006142608,1.0371425046694351,0.9459507889446503,1.0371425046694351,42,0.7421052631578947,0.7,0.5,optimiser_candidate,73.10526315789474,
1200,0.0,0.0,0.8642275004785804,0.000416666666666664,0,0.9505000005818136,1.0393484477067931,0.9469047425323056,1.0393484477067931,42,0.7,0.7,0.75,optimiser_candidate,71.5,
1201,0.0,0.0,0.8855361206621847,0.000156249999999999,0,0.950500001237328,1.0394575643971975,0.9480610962002406,1.0394575643971975,42,0.7,0.7421052631578947,0.75,optimiser_candidate,73.60526315789474,
1220,0.0,0.0,0.8719151353167578,0.000416666666666664,0,0.9505000004444072,1.0381333729729996,0.9471195155565816,1.0381333729729996,42,0.7421052631578947,0.7,0.75,optimiser_candidate,73.60526315789474,
1600,0.0,0.0,0.9156434112905345,0.000208333333333332,0,0.9505000011322892,1.0406612269488689,0.9480145564872255,1.0406612269488689,42,0.7,0.7,1.0,optimiser_candidate,72.0,
1601,0.0,0.0,0.9400056260512274,0.000156249999999999,0,0.9505000005439288,1.0407492049767093,0.9491967363381308,1.0407492049767093,42,0.7,0.7421052631578947,1.0,optimiser_candidate,74.10526315789474,
1620,0.0,0.0,0.9220029855284365,0.000156249999999999,0,0.95050000100697,1.039362622526051,0.948219377490436,1.039362622526051,42,0.7421052631578947,0.7,1.0,optimiser_candidate,74.10526315789474,
2000,0.0,0.0,0.8672991957211041,0.004322916666666646,0,0.9505000002619868,1.0359482571499024,0.9433702870249968,1.0359482571499024,42,0.7,0.7,0.0,risk_path,70.0,0.0
2001,0.0,0.0,0.8860518161274706,0.001354166666666658,0,0.9505000005529652,1.0351940408329017,0.9453380931828914,1.0351940408329017,42,0.75,0.75,0.0625,risk_path,75.125,0.0625
2002,0.0,0.0,0.9149786270346086,0.000416666666666664,0,0.950500000643108,1.0343230955198046,0.9473062373408766,1.0343230955198046,42,0.7999999999999999,0.7999999999999999,0.125,risk_path,80.25,0.125
2003,0.0,0.0,0.9536690844452675,0.000156249999999999,0,0.950500000827401,1.0333407298667288,0.9491704540989714,1.0333407298667288,42,0.85,0.85,0.1875,risk_path,85.375,0.1875
2004,0.0,0.0,1.0015573572199423,0.0,0,0.950830264495522,1.032262191692099,0.950830264495522,1.032262191692099,42,0.8999999999999999,0.8999999999999999,0.25,risk_path,90.5,0.25
2005,0.0,0.0,1.0580890646884304,0.0,0,0.9525086769820212,1.0310951339940408,0.9525086769820212,1.0310951339940408,42,0.95,0.95,0.3125,risk_path,95.625,0.3125
2006,0.0,0.0,1.1228017814105271,0.0,0,0.954177061253898,1.029843802231454,0.954177061253898,1.029843802231454,42,1.0,1.0,0.375,risk_path,100.75,0.375
2007,0.0,0.0,1.1954415768421733,0.0,0,0.9557937161241068,1.0285695458151838,0.9557937161241068,1.0285695458151838,42,1.05,1.05,0.4375,risk_path,105.875,0.4375
2008,0.0,0.0,1.275965247338787,0.0,0,0.9574029612257772,1.0272084389557878,0.9574029612257772,1.0272084389557878,42,1.1,1.1,0.5,risk_path,111.0,0.5
2009,0.0,0.0,1.3641529007666002,0.0,0,0.9589784445836004,1.0274053486950077,0.9589784445836004,1.0274053486950077,42,1.15,1.15,0.5625,risk_path,116.125,0.5625
2010,0.0,0.0,1.4595703276955339,0.0,0,0.9605127689731516,1.029136527051324,0.9605127689731516,1.029136527051324,42,1.2,1.2,0.625,risk_path,121.25,0.625
2011,0.0,0.0,1.5617241243809865,0.0,0,0.9620015064480134,1.030842424246333,0.9620015064480134,1.030842424246333,42,1.25,1.25,0.6875,risk_path,126.375,0.6875
2012,0.0,0.0,1.6703213072240592,0.0,0,0.9634416742508548,1.032516592928402,0.9634416742508548,1.032516592928402,42,1.3,1.3,0.75,risk_path,131.5,0.75
2013,0.0,0.0,1.7845953557193721,0.0,0,0.9648362962657384,1.0341193723468851,0.9648362962657384,1.0341193723468851,42,1.35,1.35,0.8125,risk_path,136.625,0.8125
2014,0.0,0.0,1.904011889981751,0.0,0,0.9662140644000956,1.035671060444497,0.9662140644000956,1.035671060444497,42,1.4,1.4,0.875,risk_path,141.75,0.875
2015,0.0,0.0,2.028588316486385,0.0,0,0.9675481940790152,1.0371826626522174,0.9675481940790152,1.0371826626522174,42,1.45,1.45,0.9375,risk_path,146.875,0.9375
2016,0.0,0.0,2.158174984626041,0.0,0,0.9688406747392644,1.0386637210967904,0.9688406747392644,1.0386637210967904,42,1.5,1.5,1.0,risk_path,152.0,1.0
0,0.0,0.0,0.9006458975361188,0.0005208333333333301,0,0.95050000031423,1.0282869479998693,0.9472902591305108,1.0282869479998693,43,0.7,0.7,0.0,optimiser_candidate,70.0,
1,0.0,0.0,0.9252006801027473,0.00026041666666666504,0,0.9505000004423984,1.02841923576437,0.9483237472708932,1.02841923576437,43,0.7,0.7421052631578947,0.0,optimiser_candidate,72.10526315789474,
2,0.0,0.0,0.9535934978664983,0.000156249999999999,0,0.9505000005514316,1.0285647988646425,0.949349805380837,1.0285647988646425,43,0.7,0.7842105263157895,0.0,optimiser_candidate,74.21052631578948,
20,0.0,0.0,0.9045022939724625,0.000416666666666664,0,0.950500000288139,1.026894600148433,0.9475031555335162,1.026894600148433,43,0.7421052631578947,0.7,0.0,optimiser_candidate,72.10526315789474,
21,0.0,0.0,0.9293796058101538,0.000156249999999999,0,0.9505000004812224,1.0270032823375443,0.948536281661275,1.0270032823375443,43,0.7421052631578947,0.7421052631578947,0.0,optimiser_candidate,74.21052631578947,
40,0.0,0.0,0.908855598991166,0.000364583333333331,0,0.9505000311650612,1.025526500691169,0.9477179681618836,1.025526500691169,43,0.7842105263157895,0.7,0.0,optimiser_candidate,74.21052631578948,
400,0.0,0.0,0.899069543065012,0.00026041666666666504,0,0.9505000004343428,1.0303164862452117,0.9484193625335564,1.0303164862452117,43,0.7,0.7,0.25,optimiser_candidate,70.5,
401,0.0,0.0,0.926571548534373,0.000156249999999999,0,0.9505000003252392,1.0304205960191244,0.9494515210222364,1.0304205960191244,43,0.7,0.7421052631578947,0.25,optimiser_candidate,72.60526315789474,
420,0.0,0.0,0.904286004992731,0.000156249999999999,0,0.9505000005497038,1.02890190968803,0.9486173173628234,1.02890190968803,43,0.7421052631578947,0.7,0.25,optimiser_candidate,72.60526315789474,
421,0.0,0.0,0.9320337187025446,0.000104166666666666,0,0.950500000457825,1.028981002793525,0.9496532894808656,1.028981002793525,43,0.7421052631578947,0.7421052631578947,0.25,optimiser_candidate,74.71052631578947,
440,0.0,0.0,0.9099451999432969,0.000156249999999999,0,0.9505000025719008,1.0275099410676696,0.948817212981026,1.0275099410676696,43,0.7842105263157895,0.7,0.25,optimiser_candidate,74.71052631578948,
800,0.0,0.0,0.9219910741226949,0.000156249999999999,0,0.9505000003607638,1.0322768249274616,0.9494535858681018,1.0322768249274616,43,0.7,0.7,0.5,optimiser_candidate,71.0,
801,0.0,0.0,0.9523582275633978,5.2083333333333e-05,0,0.9505001062619944,1.032366218010334,0.9504856420411248,1.032366218010334,43,0.7,0.7421052631578947,0.5,optimiser_candidate,73.10526315789474,
820,0.0,0.0,0.92821638528161,0.000104166666666666,0,0.9505000003353512,1.0307762499132882,0.949639534729639,1.0307762499132882,43,0.7421052631578947,0.7,0.5,optimiser_candidate,73.10526315789474,
1200,0.0,0.0,0.9702079801762008,5.2083333333333e-05,0,0.9505001987520808,1.034512942339031,0.950473301107025,1.034512942339031,43,0.7,0.7,0.75,optimiser_candidate,71.5,
1201,0.0,0.0,1.0032930015590649,0.0,0,0.951514635991856,1.034622317775683,0.951514635991856,1.034622317775683,43,0.7,0.7421052631578947,0.75,optimiser_candidate,73.60526315789474,
1220,0.0,0.0,0.9771476676164216,0.0,0,0.9506500799626438,1.0329935752472506,0.9506500799626438,1.0329935752472506,43,0.7421052631578947,0.7,0.75,optimiser_candidate,73.60526315789474,
1600,0.0,0.0,1.0448233954207848,0.0,0,0.9514999634924056,1.0368627480986328,0.9514999634924056,1.0368627480986328,43,0.7,0.7,1.0,optimiser_candidate,72.0,
1601,0.0,0.0,1.0804791455904699,0.0,0,0.9525421389199372,1.0369535728202548,0.9525421389199372,1.0369535728202548,43,0.7,0.7421052631578947,1.0,optimiser_candidate,74.10526315789474,
1620,0.0,0.0,1.052215402505984,0.0,0,0.95166641206905,1.035314177997978,0.95166641206905,1.035314177997978,43,0.7421052631578947,0.7,1.0,optimiser_candidate,74.10526315789474,
2000,0.0,0.0,0.9006458975361188,0.0005208333333333301,0,0.95050000031423,1.0282869479998693,0.9472902591305108,1.0282869479998693,43,0.7,0.7,0.0,risk_path,70.0,0.0
2001,0.0,0.0,0.9339399047792925,0.000156249999999999,0,0.9505000006180624,1.0272579929332752,0.9490574879854666,1.0272579929332752,43,0.75,0.75,0.0625,risk_path,75.125,0.0625
2002,0.0,0.0,0.9780487876656581,0.0,0,0.9507907468675196,1.0261727620695735,0.9507907468675196,1.0261727620695735,43,0.7999999999999999,0.7999999999999999,0.125,risk_path,80.25,0.125
2003,0.0,0.0,1.031988625569555,0.0,0,0.9524974402716088,1.0250032936365463,0.9524974402716088,1.0250032936365463,43,0.85,0.85,0.1875,risk_path,85.375,0.1875
2004,0.0,0.0,1.0949883404042111,0.0,0,0.9541520412332328,1.0237557699318367,0.9541520412332328,1.0237557699318367,43,0.8999999999999999,0.8999999999999999,0.25,risk_path,90.5,0.25
2005,0.0,0.0,1.1665242929623487,0.0,0,0.9557988868774094,1.0239572085516189,0.9557988868774094,1.0239572085516189,43,0.95,0.95,0.3125,risk_path,95.625,0.3125
2006,0.0,0.0,1.2460078328751056,0.0,0,0.9574052586856452,1.0257941370735146,0.9574052586856452,1.0257941370735146,43,1.0,1.0,0.375,risk_path,100.75,0.375
2007,0.0,0.0,1.332884402009973,0.0,0,0.9589630668915552,1.02758775054275,0.9589630668915552,1.02758775054275,43,1.05,1.05,0.4375,risk_path,105.875,0.4375
2008,0.0,0.0,1.4270562192747334,0.0,0,0.960495748397278,1.0293477003552456,0.960495748397278,1.0293477003552456,43,1.1,1.1,0.5,risk_path,111.0,0.5
2009,0.0,0.0,1.5284190875991266,0.0,0,0.9619720046177428,1.031084465678258,0.9619720046177428,1.031084465678258,43,1.15,1.15,0.5625,risk_path,116.125,0.5625
2010,0.0,0.0,1.6368408455247094,0.0,0,0.9634021592960312,1.0327858851320335,0.9634021592960312,1.0327858851320335,43,1.2,1.2,0.625,risk_path,121.25,0.625
2011,0.0,0.0,1.7522819304568538,0.0,0,0.96479383699187,1.034461446163044,0.96479383699187,1.034461446163044,43,1.25,1.25,0.6875,risk_path,126.375,0.6875
2012,0.0,0.0,1.8745380328108352,0.0,0,0.9661450071404614,1.0360872005193795,0.9661450071404614,1.0360872005193795,43,1.3,1.3,0.75,risk_path,131.5,0.75
2013,0.0,0.0,2.0033988602719806,0.0,0,0.9674425257512878,1.03770330486009,0.9674425257512878,1.03770330486009,43,1.35,1.35,0.8125,risk_path,136.625,0.8125
2014,0.0,0.0,2.138560755836018,0.0,0,0.968709471776652,1.039312978526556,0.968709471776652,1.039312978526556,43,1.4,1.4,0.875,risk_path,141.75,0.875
2015,0.0,0.0,2.2797203386598506,0.0,0,0.96993883707179,1.0408944113575618,0.96993883707179,1.0408944113575618,43,1.45,1.45,0.9375,risk_path,146.875,0.9375
2016,0.0,0.0,2.42726408703753,0.0,0,0.9711449614794556,1.0424626419194367,0.9711449614794556,1.0424626419194367,43,1.5,1.5,1.0,risk_path,152.0,1.0
0,0.0,0.0,0.8394633794152623,0.00255208333333332,0,0.9505000004288752,1.036468500720416,0.9442009794590368,1.036468500720416,44,0.7,0.7,0.0,optimiser_candidate,70.0,
1,0.0,0.0,0.8539161291133921,0.001197916666666659,0,0.9505000004210968,1.036699655943779,0.9453542814860376,1.036699655943779,44,0.7,0.7421052631578947,0.0,optimiser_candidate,72.10526315789474,
2,0.0,0.0,0.8712620322123396,0.000624999999999996,0,0.9505000004260892,1.036921208430188,0.9465063524439152,1.036921208430188,44,0.7,0.7842105263157895,0.0,optimiser_candidate,74.21052631578948,
20,0.0,0.0,0.8488769474301933,0.0022916666666666537,0,0.950500000445241,1.035609207682312,0.9444607560329548,1.035609207682312,44,0.7421052631578947,0.7,0.0,optimiser_candidate,72.10526315789474,
21,0.0,0.0,0.8638123235893324,0.001145833333333326,0,0.9505000003199884,1.035831119404224,0.9456148690252548,1.035831119404224,44,0.7421052631578947,0.7421052631578947,0.0,optimiser_candidate,74.21052631578947,
40,0.0,0.0,0.8597659021507664,0.0018229166666666554,0,0.9505000003829048,1.0347558131319488,0.9447224853838204,1.0347558131319488,44,0.7842105263157895,0.7,0.0,optimiser_candidate,74.21052631578948,
400,0.0,0.0,0.8570900692932848,0.001145833333333326,0,0.9505000004384916,1.0372177698308878,0.9456583442494342,1.0372177698308878,44,0.7,0.7,0.25,optimiser_candidate,70.5,
401,0.0,0.0,0.8753007402853357,0.000468749999999997,0,0.9505000003737768,1.037426973880977,0.9468120503104268,1.037426973880977,44,0.7,0.7421052631578947,0.25,optimiser_candidate,72.60526315789474,
420,0.0,0.0,0.8694165959880317,0.000937499999999994,0,0.9505000010255004,1.0362250984861163,0.9459140693956534,1.0362250984861163,44,0.7421052631578947,0.7,0.25,optimiser_candidate,72.60526315789474,
421,0.0,0.0,0.8880667679750321,0.000416666666666664,0,0.95050000053975,1.0364192789461983,0.9470684369111606,1.0364192789461983,44,0.7421052631578947,0.7421052631578947,0.25,optimiser_candidate,74.71052631578947,
440,0.0,0.0,0.8831234075841453,0.000833333333333328,0,0.95050000072228,1.0352355153092416,0.9461676132921336,1.0352355153092416,44,0.7842105263157895,0.7,0.25,optimiser_candidate,74.71052631578948,
800,0.0,0.0,0.90163957628762,0.000416666666666664,0,0.950500000583018,1.038071994537455,0.9469885936022644,1.038071994537455,44,0.7,0.7,0.5,optimiser_candidate,71.0,
801,0.0,0.0,0.9234032989658557,0.000208333333333332,0,0.9505000006339136,1.03827367296938,0.9481470563004616,1.03827367296938,44,0.7,0.7421052631578947,0.5,optimiser_candidate,73.10526315789474,
820,0.0,0.0,0.9162025181818534,0.000416666666666664,0,0.9505000007047468,1.0369416664062052,0.9472336539258082,1.0369416664062052,44,0.7421052631578947,0.7,0.5,optimiser_candidate,73.10526315789474,
1200,0.0,0.0,0.9712134139203427,0.000156249999999999,0,0.950500001066626,1.0390895018003403,0.9482275675875188,1.0390895018003403,44,0.7,0.7,0.75,optimiser_candidate,71.5,
1201,0.0,0.0,0.996256558760936,0.000156249999999999,0,0.9505000006282373,1.0393151021932183,0.9493931422399818,1.0393151021932183,44,0.7,0.7421052631578947,0.75,optimiser_candidate,73.60526315789474,
1220,0.0,0.0,0.9872978595239269,0.000156249999999999,0,0.9505000007667008,1.037861138148031,0.948458424944194,1.037861138148031,44,0.7421052631578947,0.7,0.75,optimiser_candidate,73.60526315789474,
1600,0.0,0.0,1.0641419542968018,0.000156249999999999,0,0.95050000060269,1.0401513496604566,0.9494084187558266,1.0401513496604566,44,0.7,0.7,1.0,optimiser_candidate,72.0,
1601,0.0,0.0,1.092153882149806,0.0,0,0.9505661721387088,1.0403299996168047,0.9505661721387088,1.0403299996168047,44,0.7,0.7421052631578947,1.0,optimiser_candidate,74.10526315789474,
1620,0.0,0.0,1.081023327744245,0.000104166666666666,0,0.9505000005872838,1.0388269510153698,0.9496231377794756,1.0388269510153698,44,0.7421052631578947,0.7,1.0,optimiser_candidate,74.10526315789474,
2000,0.0,0.0,0.8394633794152623,0.00255208333333332,0,0.9505000004288752,1.036468500720416,0.9442009794590368,1.036468500720416,44,0.7,0.7,0.0,risk_path,70.0,0.0
2001,0.0,0.0,0.8727762670396679,0.000677083333333329,0,0.950500000676197,1.0358879739396654,0.9462506498284936,1.0358879739396654,44,0.75,0.75,0.0625,risk_path,75.125,0.0625
2002,0.0,0.0,0.9191740633206784,0.000208333333333332,0,0.9505000011555272,1.0351078164666894,0.9482871197075604,1.0351078164666894,44,0.7999999999999999,0.7999999999999999,0.125,risk_path,80.25,0.125
2003,0.0,0.0,0.9776351894838513,0.000104166666666666,0,0.950501193115456,1.0342369398030855,0.9502312381615404,1.0342369398030855,44,0.85,0.85,0.1875,risk_path,85.375,0.1875
2004,0.0,0.0,1.0467888435773567,0.0,0,0.9519447088229788,1.0330933062150929,0.9519447088229788,1.0330933062150929,44,0.8999999999999999,0.8999999999999999,0.25,risk_path,90.5,0.25
2005,0.0,0.0,1.1260256902426804,0.0,0,0.9535856560323396,1.0318492729692696,0.9535856560323396,1.0318492729692696,44,0.95,0.95,0.3125,risk_path,95.625,0.3125
2006,0.0,0.0,1.2144405434681302,0.0,0,0.9551900958596172,1.0305240199158874,0.9551900958596172,1.0305240199158874,44,1.0,1.0,0.375,risk_path,100.75,0.375
2007,0.0,0.0,1.3108810293928088,0.0,0,0.9567749483080052,1.02911589251748,0.9567749483080052,1.02911589251748,44,1.05,1.05,0.4375,risk_path,105.875,0.4375
2008,0.0,0.0,1.4145399186453167,0.0,0,0.9583096896408496,1.0276811150143976,0.9583096896408496,1.0276811150143976,44,1.1,1.1,0.5,risk_path,111.0,0.5
2009,0.0,0.0,1.5241349182967125,0.0,0,0.9598022189809066,1.028038910798075,0.9598022189809066,1.028038910798075,44,1.15,1.15,0.5625,risk_path,116.125,0.5625
2010,0.0,0.0,1.6390902869566926,0.0,0,0.96124968446006,1.02870846622948,0.96124968446006,1.02870846622948,44,1.2,1.2,0.625,risk_path,121.25,0.625
2011,0.0,0.0,1.7592795140784394,0.0,0,0.9626426411606236,1.0293966771562435,0.9626426411606236,1.0293966771562435,44,1.25,1.25,0.6875,risk_path,126.375,0.6875
2012,0.0,0.0,1.884597844576954,0.0,0,0.9639625924031344,1.0301645098282906,0.9639625924031344,1.0301645098282906,44,1.3,1.3,0.75,risk_path,131.5,0.75
2013,0.0,0.0,2.0149643074649846,0.0,0,0.965222072404155,1.0315335061420772,0.965222072404155,1.0315335061420772,44,1.35,1.35,0.8125,risk_path,136.625,0.8125
2014,0.0,0.0,2.1504703087269292,0.0,0,0.966405763157711,1.0328833144717238,0.966405763157711,1.0328833144717238,44,1.4,1.4,0.875,risk_path,141.75,0.875
2015,0.0,0.0,2.2914915198227903,0.0,0,0.9675571734270656,1.0342223501345078,0.9675571734270656,1.0342223501345078,44,1.45,1.45,0.9375,risk_path,146.875,0.9375
2016,0.0,0.0,2.4387078608390893,0.0,0,0.968668389400991,1.0355619089174564,0.968668389400991,1.0355619089174564,44,1.5,1.5,1.0,risk_path,152.0,1.0
