candidate_id,scenario_index,pv_s_scale,svc_q_scale,cap_total_mvar,t0
0,47,0.7,0.7,0.0,8256
0,63,0.7,0.7,0.0,11520
0,87,0.7,0.7,0.0,16128
0,100,0.7,0.7,0.0,18240
0,114,0.7,0.7,0.0,21888
0,123,0.7,0.7,0.0,23136
0,142,0.7,0.7,0.0,26688
0,143,0.7,0.7,0.0,26880
0,144,0.7,0.7,0.0,26976
0,153,0.7,0.7,0.0,27936
0,160,0.7,0.7,0.0,28608
0,173,0.7,0.7,0.0,30912
0,191,0.7,0.7,0.0,33792
0,196,0.7,0.7,0.0,34752
0,198,0.7,0.7,0.0,35136
1,47,0.7,0.7421052631578947,0.0,8256
1,63,0.7,0.7421052631578947,0.0,11520
1,87,0.7,0.7421052631578947,0.0,16128
1,100,0.7,0.7421052631578947,0.0,18240
1,114,0.7,0.7421052631578947,0.0,21888
1,123,0.7,0.7421052631578947,0.0,23136
1,142,0.7,0.7421052631578947,0.0,26688
1,143,0.7,0.7421052631578947,0.0,26880
1,144,0.7,0.7421052631578947,0.0,26976
1,153,0.7,0.7421052631578947,0.0,27936
1,160,0.7,0.7421052631578947,0.0,28608
1,173,0.7,0.7421052631578947,0.0,30912
1,191,0.7,0.7421052631578947,0.0,33792
1,196,0.7,0.7421052631578947,0.0,34752
1,198,0.7,0.7421052631578947,0.0,35136
2,47,0.7,0.7842105263157895,0.0,8256
2,63,0.7,0.7842105263157895,0.0,11520
2,87,0.7,0.7842105263157895,0.0,16128
2,100,0.7,0.7842105263157895,0.0,18240
2,114,0.7,0.7842105263157895,0.0,21888
2,123,0.7,0.7842105263157895,0.0,23136
2,142,0.7,0.7842105263157895,0.0,26688
2,143,0.7,0.7842105263157895,0.0,26880
2,144,0.7,0.7842105263157895,0.0,26976
2,153,0.7,0.7842105263157895,0.0,27936
2,160,0.7,0.7842105263157895,0.0,28608
2,173,0.7,0.7842105263157895,0.0,30912
2,191,0.7,0.7842105263157895,0.0,33792
2,196,0.7,0.7842105263157895,0.0,34752
2,198,0.7,0.7842105263157895,0.0,35136
20,47,0.7421052631578947,0.7,0.0,8256
20,63,0.7421052631578947,0.7,0.0,11520
20,87,0.7421052631578947,0.7,0.0,16128
20,100,0.7421052631578947,0.7,0.0,18240
20,114,0.7421052631578947,0.7,0.0,21888
20,123,0.7421052631578947,0.7,0.0,23136
20,142,0.7421052631578947,0.7,0.0,26688
20,143,0.7421052631578947,0.7,0.0,26880
20,144,0.7421052631578947,0.7,0.0,26976
20,153,0.7421052631578947,0.7,0.0,27936
20,160,0.7421052631578947,0.7,0.0,28608
20,173,0.7421052631578947,0.7,0.0,30912
20,191,0.7421052631578947,0.7,0.0,33792
20,196,0.7421052631578947,0.7,0.0,34752
20,198,0.7421052631578947,0.7,0.0,35136
21,47,0.7421052631578947,0.7421052631578947,0.0,8256
21,63,0.7421052631578947,0.7421052631578947,0.0,11520
21,87,0.7421052631578947,0.7421052631578947,0.0,16128
21,100,0.7421052631578947,0.7421052631578947,0.0,18240
21,114,0.7421052631578947,0.7421052631578947,0.0,21888
21,123,0.7421052631578947,0.7421052631578947,0.0,23136
21,142,0.7421052631578947,0.7421052631578947,0.0,26688
21,143,0.7421052631578947,0.7421052631578947,0.0,26880
21,144,0.7421052631578947,0.7421052631578947,0.0,26976
21,153,0.7421052631578947,0.7421052631578947,0.0,27936
21,160,0.7421052631578947,0.7421052631578947,0.0,28608
21,173,0.7421052631578947,0.7421052631578947,0.0,30912
21,191,0.7421052631578947,0.7421052631578947,0.0,33792
21,196,0.7421052631578947,0.7421052631578947,0.0,34752
21,198,0.7421052631578947,0.7421052631578947,0.0,35136
40,47,0.7842105263157895,0.7,0.0,8256
40,63,0.7842105263157895,0.7,0.0,11520
40,87,0.7842105263157895,0.7,0.0,16128
40,100,0.7842105263157895,0.7,0.0,18240
40,114,0.7842105263157895,0.7,0.0,21888
40,123,0.7842105263157895,0.7,0.0,23136
40,142,0.7842105263157895,0.7,0.0,26688
40,143,0.7842105263157895,0.7,0.0,26880
40,144,0.7842105263157895,0.7,0.0,26976
40,153,0.7842105263157895,0.7,0.0,27936
40,160,0.7842105263157895,0.7,0.0,28608
40,173,0.7842105263157895,0.7,0.0,30912
40,191,0.7842105263157895,0.7,0.0,33792
40,196,0.7842105263157895,0.7,0.0,34752
40,198,0.7842105263157895,0.7,0.0,35136
400,47,0.7,0.7,0.25,8256
400,63,0.7,0.7,0.25,11520
400,87,0.7,0.7,0.25,16128
400,100,0.7,0.7,0.25,18240
400,114,0.7,0.7,0.25,21888
400,123,0.7,0.7,0.25,23136
400,142,0.7,0.7,0.25,26688
400,143,0.7,0.7,0.25,26880
400,144,0.7,0.7,0.25,26976
400,153,0.7,0.7,0.25,27936
400,160,0.7,0.7,0.25,28608
400,173,0.7,0.7,0.25,30912
400,191,0.7,0.7,0.25,33792
400,196,0.7,0.7,0.25,34752
400,198,0.7,0.7,0.25,35136
401,47,0.7,0.7421052631578947,0.25,8256
401,63,0.7,0.7421052631578947,0.25,11520
401,87,0.7,0.7421052631578947,0.25,16128
401,100,0.7,0.7421052631578947,0.25,18240
401,114,0.7,0.7421052631578947,0.25,21888
401,123,0.7,0.7421052631578947,0.25,23136
401,142,0.7,0.7421052631578947,0.25,26688
401,143,0.7,0.7421052631578947,0.25,26880
401,144,0.7,0.7421052631578947,0.25,26976
401,153,0.7,0.7421052631578947,0.25,27936
401,160,0.7,0.7421052631578947,0.25,28608
401,173,0.7,0.7421052631578947,0.25,30912
401,191,0.7,0.7421052631578947,0.25,33792
401,196,0.7,0.7421052631578947,0.25,34752
401,198,0.7,0.7421052631578947,0.25,35136
420,47,0.7421052631578947,0.7,0.25,8256
420,63,0.7421052631578947,0.7,0.25,11520
420,87,0.7421052631578947,0.7,0.25,16128
420,100,0.7421052631578947,0.7,0.25,18240
420,114,0.7421052631578947,0.7,0.25,21888
420,123,0.7421052631578947,0.7,0.25,23136
420,142,0.7421052631578947,0.7,0.25,26688
420,143,0.7421052631578947,0.7,0.25,26880
420,144,0.7421052631578947,0.7,0.25,26976
420,153,0.7421052631578947,0.7,0.25,27936
420,160,0.7421052631578947,0.7,0.25,28608
420,173,0.7421052631578947,0.7,0.25,30912
420,191,0.7421052631578947,0.7,0.25,33792
420,196,0.7421052631578947,0.7,0.25,34752
420,198,0.7421052631578947,0.7,0.25,35136
421,47,0.7421052631578947,0.7421052631578947,0.25,8256
421,63,0.7421052631578947,0.7421052631578947,0.25,11520
421,87,0.7421052631578947,0.7421052631578947,0.25,16128
421,100,0.7421052631578947,0.7421052631578947,0.25,18240
421,114,0.7421052631578947,0.7421052631578947,0.25,21888
421,123,0.7421052631578947,0.7421052631578947,0.25,23136
421,142,0.7421052631578947,0.7421052631578947,0.25,26688
421,143,0.7421052631578947,0.7421052631578947,0.25,26880
421,144,0.7421052631578947,0.7421052631578947,0.25,26976
421,153,0.7421052631578947,0.7421052631578947,0.25,27936
421,160,0.7421052631578947,0.7421052631578947,0.25,28608
421,173,0.7421052631578947,0.7421052631578947,0.25,30912
421,191,0.7421052631578947,0.7421052631578947,0.25,33792
421,196,0.7421052631578947,0.7421052631578947,0.25,34752
421,198,0.7421052631578947,0.7421052631578947,0.25,35136
440,47,0.7842105263157895,0.7,0.25,8256
440,63,0.7842105263157895,0.7,0.25,11520
440,87,0.7842105263157895,0.7,0.25,16128
440,100,0.7842105263157895,0.7,0.25,18240
440,114,0.7842105263157895,0.7,0.25,21888
440,123,0.7842105263157895,0.7,0.25,23136
440,142,0.7842105263157895,0.7,0.25,26688
440,143,0.7842105263157895,0.7,0.25,26880
440,144,0.7842105263157895,0.7,0.25,26976
440,153,0.7842105263157895,0.7,0.25,27936
440,160,0.7842105263157895,0.7,0.25,28608
440,173,0.7842105263157895,0.7,0.25,30912
440,191,0.7842105263157895,0.7,0.25,33792
440,196,0.7842105263157895,0.7,0.25,34752
440,198,0.7842105263157895,0.7,0.25,35136
800,47,0.7,0.7,0.5,8256
800,63,0.7,0.7,0.5,11520
800,87,0.7,0.7,0.5,16128
800,100,0.7,0.7,0.5,18240
800,114,0.7,0.7,0.5,21888
800,123,0.7,0.7,0.5,23136
800,142,0.7,0.7,0.5,26688
800,143,0.7,0.7,0.5,26880
800,144,0.7,0.7,0.5,26976
800,153,0.7,0.7,0.5,27936
800,160,0.7,0.7,0.5,28608
800,173,0.7,0.7,0.5,30912
800,191,0.7,0.7,0.5,33792
800,196,0.7,0.7,0.5,34752
800,198,0.7,0.7,0.5,35136
801,47,0.7,0.7421052631578947,0.5,8256
801,63,0.7,0.7421052631578947,0.5,11520
801,87,0.7,0.7421052631578947,0.5,16128
801,100,0.7,0.7421052631578947,0.5,18240
801,114,0.7,0.7421052631578947,0.5,21888
801,123,0.7,0.7421052631578947,0.5,23136
801,142,0.7,0.7421052631578947,0.5,26688
801,143,0.7,0.7421052631578947,0.5,26880
801,144,0.7,0.7421052631578947,0.5,26976
801,153,0.7,0.7421052631578947,0.5,27936
801,160,0.7,0.7421052631578947,0.5,28608
801,173,0.7,0.7421052631578947,0.5,30912
801,191,0.7,0.7421052631578947,0.5,33792
801,196,0.7,0.7421052631578947,0.5,34752
801,198,0.7,0.7421052631578947,0.5,35136
820,47,0.7421052631578947,0.7,0.5,8256
820,63,0.7421052631578947,0.7,0.5,11520
820,87,0.7421052631578947,0.7,0.5,16128
820,100,0.7421052631578947,0.7,0.5,18240
820,114,0.7421052631578947,0.7,0.5,21888
820,123,0.7421052631578947,0.7,0.5,23136
820,142,0.7421052631578947,0.7,0.5,26688
820,143,0.7421052631578947,0.7,0.5,26880
820,144,0.7421052631578947,0.7,0.5,26976
820,153,0.7421052631578947,0.7,0.5,27936
820,160,0.7421052631578947,0.7,0.5,28608
820,173,0.7421052631578947,0.7,0.5,30912
820,191,0.7421052631578947,0.7,0.5,33792
820,196,0.7421052631578947,0.7,0.5,34752
820,198,0.7421052631578947,0.7,0.5,35136
1200,47,0.7,0.7,0.75,8256
1200,63,0.7,0.7,0.75,11520
1200,87,0.7,0.7,0.75,16128
1200,100,0.7,0.7,0.75,18240
1200,114,0.7,0.7,0.75,21888
1200,123,0.7,0.7,0.75,23136
1200,142,0.7,0.7,0.75,26688
1200,143,0.7,0.7,0.75,26880
1200,144,0.7,0.7,0.75,26976
1200,153,0.7,0.7,0.75,27936
1200,160,0.7,0.7,0.75,28608
1200,173,0.7,0.7,0.75,30912
1200,191,0.7,0.7,0.75,33792
1200,196,0.7,0.7,0.75,34752
1200,198,0.7,0.7,0.75,35136
1201,47,0.7,0.7421052631578947,0.75,8256
1201,63,0.7,0.7421052631578947,0.75,11520
1201,87,0.7,0.7421052631578947,0.75,16128
1201,100,0.7,0.7421052631578947,0.75,18240
1201,114,0.7,0.7421052631578947,0.75,21888
1201,123,0.7,0.7421052631578947,0.75,23136
1201,142,0.7,0.7421052631578947,0.75,26688
1201,143,0.7,0.7421052631578947,0.75,26880
1201,144,0.7,0.7421052631578947,0.75,26976
1201,153,0.7,0.7421052631578947,0.75,27936
1201,160,0.7,0.7421052631578947,0.75,28608
1201,173,0.7,0.7421052631578947,0.75,30912
1201,191,0.7,0.7421052631578947,0.75,33792
1201,196,0.7,0.7421052631578947,0.75,34752
1201,198,0.7,0.7421052631578947,0.75,35136
1220,47,0.7421052631578947,0.7,0.75,8256
1220,63,0.7421052631578947,0.7,0.75,11520
1220,87,0.7421052631578947,0.7,0.75,16128
1220,100,0.7421052631578947,0.7,0.75,18240
1220,114,0.7421052631578947,0.7,0.75,21888
1220,123,0.7421052631578947,0.7,0.75,23136
1220,142,0.7421052631578947,0.7,0.75,26688
1220,143,0.7421052631578947,0.7,0.75,26880
1220,144,0.7421052631578947,0.7,0.75,26976
1220,153,0.7421052631578947,0.7,0.75,27936
1220,160,0.7421052631578947,0.7,0.75,28608
1220,173,0.7421052631578947,0.7,0.75,30912
1220,191,0.7421052631578947,0.7,0.75,33792
1220,196,0.7421052631578947,0.7,0.75,34752
1220,198,0.7421052631578947,0.7,0.75,35136
1600,47,0.7,0.7,1.0,8256
1600,63,0.7,0.7,1.0,11520
1600,87,0.7,0.7,1.0,16128
1600,100,0.7,0.7,1.0,18240
1600,114,0.7,0.7,1.0,21888
1600,123,0.7,0.7,1.0,23136
1600,142,0.7,0.7,1.0,26688
1600,143,0.7,0.7,1.0,26880
1600,144,0.7,0.7,1.0,26976
1600,153,0.7,0.7,1.0,27936
1600,160,0.7,0.7,1.0,28608
1600,173,0.7,0.7,1.0,30912
1600,191,0.7,0.7,1.0,33792
1600,196,0.7,0.7,1.0,34752
1600,198,0.7,0.7,1.0,35136
1601,47,0.7,0.7421052631578947,1.0,8256
1601,63,0.7,0.7421052631578947,1.0,11520
1601,87,0.7,0.7421052631578947,1.0,16128
1601,100,0.7,0.7421052631578947,1.0,18240
1601,114,0.7,0.7421052631578947,1.0,21888
1601,123,0.7,0.7421052631578947,1.0,23136
1601,142,0.7,0.7421052631578947,1.0,26688
1601,143,0.7,0.7421052631578947,1.0,26880
1601,144,0.7,0.7421052631578947,1.0,26976
1601,153,0.7,0.7421052631578947,1.0,27936
1601,160,0.7,0.7421052631578947,1.0,28608
1601,173,0.7,0.7421052631578947,1.0,30912
1601,191,0.7,0.7421052631578947,1.0,33792
1601,196,0.7,0.7421052631578947,1.0,34752
1601,198,0.7,0.7421052631578947,1.0,35136
1620,47,0.7421052631578947,0.7,1.0,8256
1620,63,0.7421052631578947,0.7,1.0,11520
1620,87,0.7421052631578947,0.7,1.0,16128
1620,100,0.7421052631578947,0.7,1.0,18240
1620,114,0.7421052631578947,0.7,1.0,21888
1620,123,0.7421052631578947,0.7,1.0,23136
1620,142,0.7421052631578947,0.7,1.0,26688
1620,143,0.7421052631578947,0.7,1.0,26880
1620,144,0.7421052631578947,0.7,1.0,26976
1620,153,0.7421052631578947,0.7,1.0,27936
1620,160,0.7421052631578947,0.7,1.0,28608
1620,173,0.7421052631578947,0.7,1.0,30912
1620,191,0.7421052631578947,0.7,1.0,33792
1620,196,0.7421052631578947,0.7,1.0,34752
1620,198,0.7421052631578947,0.7,1.0,35136
2000,47,0.7,0.7,0.0,8256
2000,63,0.7,0.7,0.0,11520
2000,87,0.7,0.7,0.0,16128
2000,100,0.7,0.7,0.0,18240
2000,114,0.7,0.7,0.0,21888
2000,123,0.7,0.7,0.0,23136
2000,142,0.7,0.7,0.0,26688
2000,143,0.7,0.7,0.0,26880
2000,144,0.7,0.7,0.0,26976
2000,153,0.7,0.7,0.0,27936
2000,160,0.7,0.7,0.0,28608
2000,173,0.7,0.7,0.0,30912
2000,191,0.7,0.7,0.0,33792
2000,196,0.7,0.7,0.0,34752
2000,198,0.7,0.7,0.0,35136
2001,47,0.75,0.75,0.0625,8256
2001,63,0.75,0.75,0.0625,11520
2001,87,0.75,0.75,0.0625,16128
2001,100,0.75,0.75,0.0625,18240
2001,114,0.75,0.75,0.0625,21888
2001,123,0.75,0.75,0.0625,23136
2001,142,0.75,0.75,0.0625,26688
2001,143,0.75,0.75,0.0625,26880
2001,144,0.75,0.75,0.0625,26976
2001,153,0.75,0.75,0.0625,27936
2001,160,0.75,0.75,0.0625,28608
2001,173,0.75,0.75,0.0625,30912
2001,191,0.75,0.75,0.0625,33792
2001,196,0.75,0.75,0.0625,34752
2001,198,0.75,0.75,0.0625,35136
2002,47,0.7999999999999999,0.7999999999999999,0.125,8256
2002,63,0.7999999999999999,0.7999999999999999,0.125,11520
2002,87,0.7999999999999999,0.7999999999999999,0.125,16128
2002,100,0.7999999999999999,0.7999999999999999,0.125,18240
2002,114,0.7999999999999999,0.7999999999999999,0.125,21888
2002,123,0.7999999999999999,0.7999999999999999,0.125,23136
2002,142,0.7999999999999999,0.7999999999999999,0.125,26688
2002,143,0.7999999999999999,0.7999999999999999,0.125,26880
2002,144,0.7999999999999999,0.7999999999999999,0.125,26976
2002,153,0.7999999999999999,0.7999999999999999,0.125,27936
2002,160,0.7999999999999999,0.7999999999999999,0.125,28608
2002,173,0.7999999999999999,0.7999999999999999,0.125,30912
2002,191,0.7999999999999999,0.7999999999999999,0.125,33792
2002,196,0.7999999999999999,0.7999999999999999,0.125,34752
2002,198,0.7999999999999999,0.7999999999999999,0.125,35136
2003,47,0.85,0.85,0.1875,8256
2003,63,0.85,0.85,0.1875,11520
2003,87,0.85,0.85,0.1875,16128
2003,100,0.85,0.85,0.1875,18240
2003,114,0.85,0.85,0.1875,21888
2003,123,0.85,0.85,0.1875,23136
2003,142,0.85,0.85,0.1875,26688
2003,143,0.85,0.85,0.1875,26880
2003,144,0.85,0.85,0.1875,26976
2003,153,0.85,0.85,0.1875,27936
2003,160,0.85,0.85,0.1875,28608
2003,173,0.85,0.85,0.1875,30912
2003,191,0.85,0.85,0.1875,33792
2003,196,0.85,0.85,0.1875,34752
2003,198,0.85,0.85,0.1875,35136
2004,47,0.8999999999999999,0.8999999999999999,0.25,8256
2004,63,0.8999999999999999,0.8999999999999999,0.25,11520
2004,87,0.8999999999999999,0.8999999999999999,0.25,16128
2004,100,0.8999999999999999,0.8999999999999999,0.25,18240
2004,114,0.8999999999999999,0.8999999999999999,0.25,21888
2004,123,0.8999999999999999,0.8999999999999999,0.25,23136
2004,142,0.8999999999999999,0.8999999999999999,0.25,26688
2004,143,0.8999999999999999,0.8999999999999999,0.25,26880
2004,144,0.8999999999999999,0.8999999999999999,0.25,26976
2004,153,0.8999999999999999,0.8999999999999999,0.25,27936
2004,160,0.8999999999999999,0.8999999999999999,0.25,28608
2004,173,0.8999999999999999,0.8999999999999999,0.25,30912
2004,191,0.8999999999999999,0.8999999999999999,0.25,33792
2004,196,0.8999999999999999,0.8999999999999999,0.25,34752
2004,198,0.8999999999999999,0.8999999999999999,0.25,35136
2005,47,0.95,0.95,0.3125,8256
2005,63,0.95,0.95,0.3125,11520
2005,87,0.95,0.95,0.3125,16128
2005,100,0.95,0.95,0.3125,18240
2005,114,0.95,0.95,0.3125,21888
2005,123,0.95,0.95,0.3125,23136
2005,142,0.95,0.95,0.3125,26688
2005,143,0.95,0.95,0.3125,26880
2005,144,0.95,0.95,0.3125,26976
2005,153,0.95,0.95,0.3125,27936
2005,160,0.95,0.95,0.3125,28608
2005,173,0.95,0.95,0.3125,30912
2005,191,0.95,0.95,0.3125,33792
2005,196,0.95,0.95,0.3125,34752
2005,198,0.95,0.95,0.3125,35136
2006,47,1.0,1.0,0.375,8256
2006,63,1.0,1.0,0.375,11520
2006,87,1.0,1.0,0.375,16128
2006,100,1.0,1.0,0.375,18240
2006,114,1.0,1.0,0.375,21888
2006,123,1.0,1.0,0.375,23136
2006,142,1.0,1.0,0.375,26688
2006,143,1.0,1.0,0.375,26880
2006,144,1.0,1.0,0.375,26976
2006,153,1.0,1.0,0.375,27936
2006,160,1.0,1.0,0.375,28608
2006,173,1.0,1.0,0.375,30912
2006,191,1.0,1.0,0.375,33792
2006,196,1.0,1.0,0.375,34752
2006,198,1.0,1.0,0.375,35136
2007,47,1.05,1.05,0.4375,8256
2007,63,1.05,1.05,0.4375,11520
2007,87,1.05,1.05,0.4375,16128
2007,100,1.05,1.05,0.4375,18240
2007,114,1.05,1.05,0.4375,21888
2007,123,1.05,1.05,0.4375,23136
2007,142,1.05,1.05,0.4375,26688
2007,143,1.05,1.05,0.4375,26880
2007,144,1.05,1.05,0.4375,26976
2007,153,1.05,1.05,0.4375,27936
2007,160,1.05,1.05,0.4375,28608
2007,173,1.05,1.05,0.4375,30912
2007,191,1.05,1.05,0.4375,33792
2007,196,1.05,1.05,0.4375,34752
2007,198,1.05,1.05,0.4375,35136
2008,47,1.1,1.1,0.5,8256
2008,63,1.1,1.1,0.5,11520
2008,87,1.1,1.1,0.5,16128
2008,100,1.1,1.1,0.5,18240
2008,114,1.1,1.1,0.5,21888
2008,123,1.1,1.1,0.5,23136
2008,142,1.1,1.1,0.5,26688
2008,143,1.1,1.1,0.5,26880
2008,144,1.1,1.1,0.5,26976
2008,153,1.1,1.1,0.5,27936
2008,160,1.1,1.1,0.5,28608
2008,173,1.1,1.1,0.5,30912
2008,191,1.1,1.1,0.5,33792
2008,196,1.1,1.1,0.5,34752
2008,198,1.1,1.1,0.5,35136
2009,47,1.15,1.15,0.5625,8256
2009,63,1.15,1.15,0.5625,11520
2009,87,1.15,1.15,0.5625,16128
2009,100,1.15,1.15,0.5625,18240
2009,114,1.15,1.15,0.5625,21888
2009,123,1.15,1.15,0.5625,23136
2009,142,1.15,1.15,0.5625,26688
2009,143,1.15,1.15,0.5625,26880
2009,144,1.15,1.15,0.5625,26976
2009,153,1.15,1.15,0.5625,27936
2009,160,1.15,1.15,0.5625,28608
2009,173,1.15,1.15,0.5625,30912
2009,191,1.15,1.15,0.5625,33792
2009,196,1.15,1.15,0.5625,34752
2009,198,1.15,1.15,0.5625,35136
2010,47,1.2,1.2,0.625,8256
2010,63,1.2,1.2,0.625,11520
2010,87,1.2,1.2,0.625,16128
2010,100,1.2,1.2,0.625,18240
2010,114,1.2,1.2,0.625,21888
2010,123,1.2,1.2,0.625,23136
2010,142,1.2,1.2,0.625,26688
2010,143,1.2,1.2,0.625,26880
2010,144,1.2,1.2,0.625,26976
2010,153,1.2,1.2,0.625,27936
2010,160,1.2,1.2,0.625,28608
2010,173,1.2,1.2,0.625,30912
2010,191,1.2,1.2,0.625,33792
2010,196,1.2,1.2,0.625,34752
2010,198,1.2,1.2,0.625,35136
2011,47,1.25,1.25,0.6875,8256
2011,63,1.25,1.25,0.6875,11520
2011,87,1.25,1.25,0.6875,16128
2011,100,1.25,1.25,0.6875,18240
2011,114,1.25,1.25,0.6875,21888
2011,123,1.25,1.25,0.6875,23136
2011,142,1.25,1.25,0.6875,26688
2011,143,1.25,1.25,0.6875,26880
2011,144,1.25,1.25,0.6875,26976
2011,153,1.25,1.25,0.6875,27936
2011,160,1.25,1.25,0.6875,28608
2011,173,1.25,1.25,0.6875,30912
2011,191,1.25,1.25,0.6875,33792
2011,196,1.25,1.25,0.6875,34752
2011,198,1.25,1.25,0.6875,35136
2012,47,1.3,1.3,0.75,8256
2012,63,1.3,1.3,0.75,11520
2012,87,1.3,1.3,0.75,16128
2012,100,1.3,1.3,0.75,18240
2012,114,1.3,1.3,0.75,21888
2012,123,1.3,1.3,0.75,23136
2012,142,1.3,1.3,0.75,26688
2012,143,1.3,1.3,0.75,26880
2012,144,1.3,1.3,0.75,26976
2012,153,1.3,1.3,0.75,27936
2012,160,1.3,1.3,0.75,28608
2012,173,1.3,1.3,0.75,30912
2012,191,1.3,1.3,0.75,33792
2012,196,1.3,1.3,0.75,34752
2012,198,1.3,1.3,0.75,35136
2013,47,1.35,1.35,0.8125,8256
2013,63,1.35,1.35,0.8125,11520
2013,87,1.35,1.35,0.8125,16128
2013,100,1.35,1.35,0.8125,18240
2013,114,1.35,1.35,0.8125,21888
2013,123,1.35,1.35,0.8125,23136
2013,142,1.35,1.35,0.8125,26688
2013,143,1.35,1.35,0.8125,26880
2013,144,1.35,1.35,0.8125,26976
2013,153,1.35,1.35,0.8125,27936
2013,160,1.35,1.35,0.8125,28608
2013,173,1.35,1.35,0.8125,30912
2013,191,1.35,1.35,0.8125,33792
2013,196,1.35,1.35,0.8125,34752
2013,198,1.35,1.35,0.8125,35136
2014,47,1.4,1.4,0.875,8256
2014,63,1.4,1.4,0.875,11520
2014,87,1.4,1.4,0.875,16128
2014,100,1.4,1.4,0.875,18240
2014,114,1.4,1.4,0.875,21888
2014,123,1.4,1.4,0.875,23136
2014,142,1.4,1.4,0.875,26688
2014,143,1.4,1.4,0.875,26880
2014,144,1.4,1.4,0.875,26976
2014,153,1.4,1.4,0.875,27936
2014,160,1.4,1.4,0.875,28608
2014,173,1.4,1.4,0.875,30912
2014,191,1.4,1.4,0.875,33792
2014,196,1.4,1.4,0.875,34752
2014,198,1.4,1.4,0.875,35136
2015,47,1.45,1.45,0.9375,8256
2015,63,1.45,1.45,0.9375,11520
2015,87,1.45,1.45,0.9375,16128
2015,100,1.45,1.45,0.9375,18240
2015,114,1.45,1.45,0.9375,21888
2015,123,1.45,1.45,0.9375,23136
2015,142,1.45,1.45,0.9375,26688
2015,143,1.45,1.45,0.9375,26880
2015,144,1.45,1.45,0.9375,26976
2015,153,1.45,1.45,0.9375,27936
2015,160,1.45,1.45,0.9375,28608
2015,173,1.45,1.45,0.9375,30912
2015,191,1.45,1.45,0.9375,33792
2015,196,1.45,1.45,0.9375,34752
2015,198,1.45,1.45,0.9375,35136
2016,47,1.5,1.5,1.0,8256
2016,63,1.5,1.5,1.0,11520
2016,87,1.5,1.5,1.0,16128
2016,100,1.5,1.5,1.0,18240
2016,114,1.5,1.5,1.0,21888
2016,123,1.5,1.5,1.0,23136
2016,142,1.5,1.5,1.0,26688
2016,143,1.5,1.5,1.0,26880
2016,144,1.5,1.5,1.0,26976
2016,153,1.5,1.5,1.0,27936
2016,160,1.5,1.5,1.0,28608
2016,173,1.5,1.5,1.0,30912
2016,191,1.5,1.5,1.0,33792
2016,196,1.5,1.5,1.0,34752
2016,198,1.5,1.5,1.0,35136
