candidate_id,scenario_index,day_index,t0,pv_s_scale,svc_q_scale,cap_total_mvar,risk,under_steps,over_steps,pf_fail,daily_loss_mwh,vmin,vmax,solve_total_seconds,inherited_steps,direct_fallback_steps
0,0,1,96,0.225,0.0,0.0,1,0,0,1,0.4146517233802774,0.9550000097524819,1.0000000000033316,7.099881100002676,0,0
1,0,1,96,0.3,0.0,0.0,1,0,0,1,0.6941274167872148,0.955000000928532,1.017586827095764,8.469992699916475,9,0
2,0,1,96,0.3,0.1875,0.0,1,0,0,1,2.0527345660899634,0.9550000006448681,1.010150196753881,19.388328199798707,0,0
3,0,1,96,0.3,0.375,0.0,0,0,0,0,1.760890141904148,0.9550001133191199,1.0000000000037086,21.8705919002241,8,0
4,0,1,96,0.45,0.375,0.0,0,0,0,0,1.7505790915603658,0.955004927274818,1.0000000000014349,21.54158049999387,24,0
5,0,1,96,0.45,0.5625,0.0,0,0,0,0,1.7509474546661297,0.955004927274818,1.0000000000013236,21.38301099979435,61,0
6,0,1,96,0.45,0.75,0.0,0,0,0,0,1.7508974513643882,0.955004927274818,1.000000000001347,21.24055150017375,78,0
7,0,1,96,0.6,0.75,0.0,0,0,0,0,1.750926623255287,0.955004927274818,1.0000000000010207,21.1791196000122,72,0
8,0,1,96,0.75,0.75,0.0,0,0,0,0,1.7509628452087596,0.955004927274818,1.000000000000635,20.99253269980545,73,0
0,1,15,1440,0.225,0.0,0.0,1,0,0,1,0.34238149704198595,0.9550000054342901,0.9999999999996861,4.457533700071508,0,0
1,1,15,1440,0.3,0.0,0.0,1,0,0,1,0.5064853652155903,0.9550000033092843,1.0144049851063943,4.818194199993741,1,0
2,1,15,1440,0.3,0.1875,0.0,1,0,0,1,0.9853187241084903,0.9550000019195553,1.0125392783796112,9.482454100070754,0,0
3,1,15,1440,0.3,0.375,0.0,0,0,0,0,2.49167008736316,0.9550000007155783,1.0000000000035938,21.310287700034678,0,0
4,1,15,1440,0.45,0.375,0.0,0,0,0,0,2.4889245475133777,0.9550000027199569,1.0000000000014468,21.93651050000335,17,0
5,1,15,1440,0.45,0.5625,0.0,0,0,0,0,2.3360290591908592,0.9550001836073205,1.0000000000013205,21.960170200065477,38,0
6,1,15,1440,0.45,0.75,0.0,0,0,0,0,2.333544323634281,0.9550001947572622,1.0000000000011142,21.936380000057397,51,0
7,1,15,1440,0.6,0.75,0.0,0,0,0,0,2.334007504890181,0.9550001973409749,1.0000000000007605,21.23431310011074,83,0
8,1,15,1440,0.75,0.75,0.0,0,0,0,0,2.3340730721154457,0.9550002031794631,1.0000000000006413,21.698575899907155,88,0
0,2,38,3648,0.225,0.0,0.0,1,0,0,1,0.3747203776915806,0.9550000097548381,1.001289447783068,3.658755799930077,0,0
1,2,38,3648,0.3,0.0,0.0,1,0,0,1,0.6776480199786991,0.9550007609200176,1.0142572342747485,4.732838000025367,9,0
2,2,38,3648,0.3,0.1875,0.0,1,0,0,1,0.9098099090054627,0.9550000006423369,1.0039228797210584,9.08101980003994,0,0
3,2,38,3648,0.3,0.375,0.0,0,0,0,0,2.424540050888539,0.9550000010571955,1.0000000000036013,21.50424030001159,0,0
4,2,38,3648,0.45,0.375,0.0,0,0,0,0,2.421640124558989,0.9550000130646946,1.0000000000014362,21.93006919993786,24,0
5,2,38,3648,0.45,0.5625,0.0,0,0,0,0,2.2927367300916592,0.9550001811476897,1.0000000000013218,21.84335430007195,44,0
6,2,38,3648,0.45,0.75,0.0,0,0,0,0,2.291352393123244,0.9550001894846708,1.0000000000011375,21.828694800002268,64,0
7,2,38,3648,0.6,0.75,0.0,0,0,0,0,2.2916618918966933,0.9550001918600791,1.0000000000009737,21.514630799996667,83,0
8,2,38,3648,0.75,0.75,0.0,0,0,0,0,2.291722508554771,0.9550001975531178,1.0000000000006426,21.696004399913363,87,0
0,3,39,3744,0.225,0.0,0.0,1,0,0,1,0.40848658307655106,0.9550000019886266,1.0034528850194084,3.88184210009058,0,0
1,3,39,3744,0.3,0.0,0.0,1,0,0,1,0.6087130470547298,0.9549993706642412,1.0142223804942798,4.344774799945299,10,0
2,3,39,3744,0.3,0.1875,0.0,1,0,0,1,1.0503311063620482,0.9550000028985696,1.0190932512209598,9.5775883999886,0,0
3,3,39,3744,0.3,0.375,0.0,0,0,0,0,2.3732401106744008,0.9550000013512155,1.0007731083368547,21.651900900091277,0,0
4,3,39,3744,0.45,0.375,0.0,0,0,0,0,2.370916045170235,0.9549991204288376,1.0007726400858261,21.702939600043464,30,0
5,3,39,3744,0.45,0.5625,0.0,0,0,0,0,2.2510561896236085,0.9550001825204107,1.0007726400858261,21.770570700027747,45,0
6,3,39,3744,0.45,0.75,0.0,0,0,0,0,2.248528299700053,0.9550001925551316,1.0007288647783734,21.84636429991224,52,0
7,3,39,3744,0.6,0.75,0.0,0,0,0,0,2.248966750129741,0.9550001949679426,1.0007282126076633,21.4954648000421,83,0
8,3,39,3744,0.75,0.75,0.0,0,0,0,0,2.2490182441241062,0.9550002007417617,1.0007282126076633,21.8521453999565,87,0
0,5,56,5376,0.225,0.0,0.0,1,0,0,1,1.2772992497968658,0.9550000018750723,1.0034526225535216,18.747673700010637,0,0
1,5,56,5376,0.3,0.0,0.0,1,0,0,1,1.5098004304106487,0.9549993621473581,1.0142488244908088,20.213864499906776,26,0
2,5,56,5376,0.3,0.1875,0.0,0,0,0,0,1.1159259063856963,0.9570037957223385,1.0033571723482428,20.670000999904005,0,0
3,5,56,5376,0.3,0.375,0.0,0,0,0,0,1.0867504207205796,0.9599459892087738,1.0033188421524804,20.652826900070067,0,0
4,5,56,5376,0.45,0.375,0.0,0,0,0,0,1.0853775729750559,0.959620536270654,1.003319494159012,21.068646999890916,3,0
5,5,56,5376,0.45,0.5625,0.0,0,0,0,0,1.0854434136644857,0.9595842439321257,1.0033195419765877,21.28433430014411,22,0
6,5,56,5376,0.45,0.75,0.0,0,0,0,0,1.0853051349358624,0.9595374347406718,1.0033195313358152,20.757543400046416,24,0
7,5,56,5376,0.6,0.75,0.0,0,0,0,0,1.0853362559790294,0.959636937461894,1.0033195074080348,20.81987449992448,21,0
8,5,56,5376,0.75,0.75,0.0,0,0,0,0,1.0854033174326096,0.9596619126472643,1.0033193921304207,20.845606399932876,27,0
0,6,57,5472,0.225,0.0,0.0,1,0,0,1,0.3242267898114254,0.9550000117736048,1.0001448655654839,5.133366400026716,0,0
1,6,57,5472,0.3,0.0,0.0,1,0,0,1,0.5968941429482637,0.9550000032041356,1.0144063548434499,6.324867700081086,1,0
2,6,57,5472,0.3,0.1875,0.0,1,0,0,1,1.8785476037480562,0.95500000110186,1.0161826950110258,19.77394040004583,0,0
3,6,57,5472,0.3,0.375,0.0,0,0,0,0,1.659279049716353,0.9550001102266216,1.0049111067425691,20.828021900058957,0,0
4,6,57,5472,0.45,0.375,0.0,0,0,0,0,1.6533612206982022,0.9551653997032997,1.0049050154500532,21.223545699904207,17,0
5,6,57,5472,0.45,0.5625,0.0,0,0,0,0,1.6537320439807535,0.9551653997032997,1.004900081048175,21.10118590015918,54,0
6,6,57,5472,0.45,0.75,0.0,0,0,0,0,1.6535493528713763,0.9551653997032997,1.0048998209800688,21.325394100073026,58,0
7,6,57,5472,0.6,0.75,0.0,0,0,0,0,1.6536265657971454,0.9551653997032997,1.0048992353628519,21.072671000030823,58,0
8,6,57,5472,0.75,0.75,0.0,0,0,0,0,1.653634371117428,0.9551653997032997,1.0048990920483287,21.230007200007094,55,0
0,7,60,5760,0.225,0.0,0.0,1,0,0,1,0.4831021961703581,0.9550000021757528,1.0030718064240982,4.424707399914041,0,0
1,7,60,5760,0.3,0.0,0.0,1,0,0,1,0.7087177410442873,0.9549994299694142,1.0140270479656985,5.20115339991753,12,0
2,7,60,5760,0.3,0.1875,0.0,1,0,0,1,2.05189720088056,0.9550000008362663,1.0175046415242022,17.607318299880717,0,0
3,7,60,5760,0.3,0.375,0.0,0,0,0,0,1.9748966968492558,0.9550000067049774,1.0038811801980738,21.22929149994161,0,0
4,7,60,5760,0.45,0.375,0.0,0,0,0,0,1.970896717526091,0.9549997517428854,1.0038809838281164,21.120976100180997,29,0
5,7,60,5760,0.45,0.5625,0.0,0,0,0,0,1.9510056620951053,0.9550189763546946,1.0038809838281164,21.03460079987417,70,0
6,7,60,5760,0.45,0.75,0.0,0,0,0,0,1.9502908895437823,0.9550189763546946,1.0038809838281164,21.476500600081636,59,0
7,7,60,5760,0.6,0.75,0.0,0,0,0,0,1.9503473708895136,0.9550189763546946,1.0038809838281164,20.67852630020934,67,0
8,7,60,5760,0.75,0.75,0.0,0,0,0,0,1.950446739609109,0.9550189763546946,1.0038730902034918,20.957137200108264,80,0
0,8,72,6912,0.225,0.0,0.0,1,0,0,1,0.4677682676466933,0.9550000006884425,0.9999999999999961,6.062984099931782,0,0
1,8,72,6912,0.3,0.0,0.0,1,0,0,1,0.577975351278806,0.9549994525467073,1.013258251916553,6.324342900072224,4,0
2,8,72,6912,0.3,0.1875,0.0,1,0,0,1,1.8292306445409163,0.9550000007826968,1.0103652150553382,19.307664499938255,0,0
3,8,72,6912,0.3,0.375,0.0,0,0,0,0,1.6689147492624825,0.9550000057114465,1.0070065439204323,21.033945299917832,0,0
4,8,72,6912,0.45,0.375,0.0,0,0,0,0,1.664013168347684,0.955000043795178,1.0070116972638872,21.06444159982493,22,0
5,8,72,6912,0.45,0.5625,0.0,0,0,0,0,1.6624562815470154,0.9551161168287392,1.0070057733136955,20.63337969983695,76,0
6,8,72,6912,0.45,0.75,0.0,0,0,0,0,1.6617222722789997,0.9551161168287392,1.007005081334716,20.92124200001126,66,0
7,8,72,6912,0.6,0.75,0.0,0,0,0,0,1.6618359830893605,0.9551161168287392,1.0070048784765757,20.80637850004132,81,0
8,8,72,6912,0.75,0.75,0.0,0,0,0,0,1.6618395677527757,0.9551161168287392,1.0070048784765757,21.367908000014722,82,0
0,10,107,10272,0.225,0.0,0.0,1,0,0,1,0.4705098859356316,0.9550000058367029,1.0072580837594145,6.8579368999635335,0,0
1,10,107,10272,0.3,0.0,0.0,1,0,0,1,0.5813628196023584,0.9549998026740945,1.010911097648418,7.041126399999484,12,0
2,10,107,10272,0.3,0.1875,0.0,0,0,0,0,1.674053807713927,0.9550000043674999,1.0046645042330846,20.788331399904564,0,0
3,10,107,10272,0.3,0.375,0.0,0,0,0,0,1.483634017441244,0.9582396483406587,1.004563114210387,21.31952120020287,0,0
4,10,107,10272,0.45,0.375,0.0,0,0,0,0,1.4786540108573545,0.9572079523102494,1.0045683186231302,21.488781300082337,11,0
5,10,107,10272,0.45,0.5625,0.0,0,0,0,0,1.4790663481271251,0.9571541986863661,1.004567648826411,21.454666499979794,63,0
6,10,107,10272,0.45,0.75,0.0,0,0,0,0,1.4788875269295065,0.9571541986863661,1.0045641247555706,21.438391400064575,52,0
7,10,107,10272,0.6,0.75,0.0,0,0,0,0,1.4790172709518732,0.9571541986863661,1.0045635787548295,21.217275100236293,65,0
8,10,107,10272,0.75,0.75,0.0,0,0,0,0,1.47891282827216,0.9571541986863661,1.0045635787548295,21.906646199990064,53,0
0,11,114,10944,0.225,0.0,0.0,1,0,0,1,0.4551065439182648,0.9550000012190534,1.0000000000001048,6.242339500022354,0,0
1,11,114,10944,0.3,0.0,0.0,1,0,0,1,0.6068445424217507,0.9550000011796835,1.0134470559113806,6.594591300003231,2,0
2,11,114,10944,0.3,0.1875,0.0,0,0,0,0,1.8522002978742436,0.9550000007512183,1.0050292195699548,21.165091399976518,0,0
3,11,114,10944,0.3,0.375,0.0,0,0,0,0,1.5886732452742995,0.9583411828357747,1.0037852049643257,21.123604600026738,0,0
4,11,114,10944,0.45,0.375,0.0,0,0,0,0,1.5822621269462922,0.9571710189882644,1.00377376127538,21.780663299869047,12,0
5,11,114,10944,0.45,0.5625,0.0,0,0,0,0,1.5827880635209566,0.9571129879153871,1.0037733427249753,21.35882769996533,68,0
6,11,114,10944,0.45,0.75,0.0,0,0,0,0,1.5827394665457017,0.9571129879153871,1.0037733427249753,21.422767799871508,63,0
7,11,114,10944,0.6,0.75,0.0,0,0,0,0,1.5828140558325852,0.9571129879153871,1.0037733427249753,21.23674260012922,70,0
8,11,114,10944,0.75,0.75,0.0,0,0,0,0,1.5826532101921684,0.9571129879153871,1.0037733427249753,21.301194400031818,56,0
0,12,119,11424,0.225,0.0,0.0,1,0,0,1,0.814043361271764,0.9550000326891702,1.0226385153738293,15.832093499979237,0,0
1,12,119,11424,0.3,0.0,0.0,1,0,0,1,0.8129639351882697,0.9550078448395322,1.0226906686525552,15.788402899983339,32,0
2,12,119,11424,0.3,0.1875,0.0,1,0,0,1,0.679223497000265,0.9606888613231768,1.0217771001137181,15.872785200190265,1,0
3,12,119,11424,0.3,0.375,0.0,1,0,0,1,0.6688453770806849,0.9606888613231768,1.02144658479015,15.822522700065747,1,0
4,12,119,11424,0.45,0.375,0.0,1,0,0,1,0.7405424181378322,0.9597554268554307,1.0214940723153894,16.244656000111718,10,0
5,12,119,11424,0.45,0.5625,0.0,1,0,0,1,0.7405597945840098,0.9597550817676966,1.0214457381541109,16.295619199838256,20,0
6,12,119,11424,0.45,0.75,0.0,1,0,0,1,0.7405165874560266,0.9597550817676966,1.0214378961738948,15.816835599893238,29,0
7,12,119,11424,0.6,0.75,0.0,1,0,0,1,1.1251195344752967,0.9597550817676966,1.0214444566888388,17.18499960002373,29,0
8,12,119,11424,0.75,0.75,0.0,1,0,0,1,1.2341613755745724,0.9599721736586014,1.0267458715409021,17.623751700040884,28,0
0,13,129,12384,0.225,0.0,0.0,1,0,0,1,0.674315655277783,0.9550000050118581,1.0254858041231794,9.163130599859869,0,0
1,13,129,12384,0.3,0.0,0.0,1,0,0,1,1.4189369656239115,0.9549993969238321,1.0443439178317273,14.655205000017304,8,0
2,13,129,12384,0.3,0.1875,0.0,0,0,0,0,1.3985593841634791,0.9550000174323143,1.0176367213174766,21.547215500089806,0,0
3,13,129,12384,0.3,0.375,0.0,0,0,0,0,1.32709597467731,0.9581233425137639,1.0168126202121697,21.10440109987394,0,0
4,13,129,12384,0.45,0.375,0.0,0,0,0,0,1.32519619905832,0.9580972240332377,1.0168097200602004,21.20369089997257,28,0
5,13,129,12384,0.45,0.5625,0.0,0,0,0,0,1.3252001660067059,0.9580972240332377,1.0167916457365083,21.34905629986315,34,0
6,13,129,12384,0.45,0.75,0.0,0,0,0,0,1.3251040761349746,0.9580972240332377,1.0167977583723822,21.092820999998366,31,0
7,13,129,12384,0.6,0.75,0.0,0,0,0,0,1.3251768000000466,0.9580972240332377,1.016790655717432,21.29937790002441,42,0
8,13,129,12384,0.75,0.75,0.0,0,0,0,0,1.3252095742876595,0.9580972240332377,1.0168673042199388,21.619189699966228,35,0
0,15,143,13728,0.225,0.0,0.0,1,0,0,1,0.5042315911587637,0.9550000020933918,1.0000000000032758,7.715071900136536,0,0
1,15,143,13728,0.3,0.0,0.0,1,0,0,1,0.7674308307646248,0.9549993817277834,1.015035075710803,8.915278900094563,4,0
2,15,143,13728,0.3,0.1875,0.0,0,0,0,0,1.3575701873375912,0.9550946422674644,1.007467306573509,21.04863239993574,0,0
3,15,143,13728,0.3,0.375,0.0,0,0,0,0,1.288985825314094,0.9601731629547623,1.007385149602516,20.826722400001017,0,0
4,15,143,13728,0.45,0.375,0.0,0,0,0,0,1.287521870665146,0.959942983549104,1.0073901676771901,21.099209999927552,17,0
5,15,143,13728,0.45,0.5625,0.0,0,0,0,0,1.2875445289412613,0.9599074321261094,1.0073845789718894,21.148663599946303,35,0
6,15,143,13728,0.45,0.75,0.0,0,0,0,0,1.2873698156237905,0.9598824390594681,1.0073847933334046,21.372317300149007,29,0
7,15,143,13728,0.6,0.75,0.0,0,0,0,0,1.2874796278492822,0.9599643279595691,1.0073846182683932,20.909307299996726,49,0
8,15,143,13728,0.75,0.75,0.0,0,0,0,0,1.2875385701427595,0.959991072784672,1.0073846182683932,21.13883699986036,47,0
0,16,151,14496,0.225,0.0,0.0,1,0,0,1,0.6629034707110854,0.9550000026942065,1.0252202801599148,9.262810699874535,0,0
1,16,151,14496,0.3,0.0,0.0,1,0,0,1,1.5647424910989607,0.9549994191797403,1.0406638296168105,16.107387300231494,5,0
2,16,151,14496,0.3,0.1875,0.0,0,0,0,0,1.3361523457305273,0.9553224336556713,1.0208298340774156,21.021093899966218,0,0
3,16,151,14496,0.3,0.375,0.0,0,0,0,0,1.2694958719331157,0.9588266345010125,1.0201030941506166,20.576103800121928,0,0
4,16,151,14496,0.45,0.375,0.0,0,0,0,0,1.268079796444411,0.9588135710794671,1.0200997357037986,20.899622800090583,30,0
5,16,151,14496,0.45,0.5625,0.0,0,0,0,0,1.2680271339560885,0.9588135710794671,1.0200438244215793,20.913472799933515,24,0
6,16,151,14496,0.45,0.75,0.0,0,0,0,0,1.2679234284095982,0.9588135710794671,1.020047076107069,20.603762700164225,31,0
7,16,151,14496,0.6,0.75,0.0,0,0,0,0,1.2679940280962172,0.9588135710794671,1.0200813574478864,20.795188999938546,35,0
8,16,151,14496,0.75,0.75,0.0,0,0,0,0,1.2680588734369056,0.9588135710794671,1.0201344413338758,21.434534200001508,29,0
0,17,164,15744,0.225,0.0,0.0,1,0,0,1,0.7896381217826953,0.955000003550442,1.0233730350124264,10.767427200102247,0,0
1,17,164,15744,0.3,0.0,0.0,1,0,0,1,1.8446480970754453,0.9550000016861737,1.0348914384647148,18.559407699940493,11,0
2,17,164,15744,0.3,0.1875,0.0,0,0,0,0,1.2963051639229421,0.9562403728010064,1.0234412192333158,21.06203459991957,0,0
3,17,164,15744,0.3,0.375,0.0,0,0,0,0,1.2354711641675693,0.9610874694949548,1.0227750001820424,20.734424799971748,0,0
4,17,164,15744,0.45,0.375,0.0,0,0,0,0,1.2341781835238805,0.96061879500323,1.0227743006011358,20.905714300082764,31,0
5,17,164,15744,0.45,0.5625,0.0,0,0,0,0,1.2340938642857335,0.9605956135055996,1.022751845921307,21.19297179984278,23,0
6,17,164,15744,0.45,0.75,0.0,0,0,0,0,1.2339986857630534,0.9604132699015344,1.022757230009445,20.902984199958155,30,0
7,17,164,15744,0.6,0.75,0.0,0,0,0,0,1.2340529081368532,0.9604963639230795,1.0227694809142596,20.881261400063522,30,0
8,17,164,15744,0.75,0.75,0.0,0,0,0,0,1.23412619247695,0.9605323793531989,1.0227930660166304,20.93037359981099,27,0
0,18,167,16032,0.225,0.0,0.0,0,0,0,0,1.123231925035373,0.9550201796520019,1.013256428926296,21.028606899897568,0,0
1,18,167,16032,0.3,0.0,0.0,0,0,0,0,1.1219766970077123,0.9550000347098008,1.0134324071520828,20.916244200139772,53,0
2,18,167,16032,0.3,0.1875,0.0,0,0,0,0,0.8844348469361106,0.9646851095824902,1.0120003891862832,20.881731500092428,0,0
3,18,167,16032,0.3,0.375,0.0,0,0,0,0,0.8590725035443384,0.9657291796644452,1.0117339067227191,20.92424799996661,0,0
4,18,167,16032,0.45,0.375,0.0,0,0,0,0,0.8585794171364791,0.9657159022750675,1.0117015549162796,20.89103449997492,6,0
5,18,167,16032,0.45,0.5625,0.0,0,0,0,0,0.8585823817641012,0.9657159022750675,1.0114666064761382,21.30994390003616,6,0
6,18,167,16032,0.45,0.75,0.0,0,0,0,0,0.858514861839583,0.9657159022750675,1.0114651337819425,20.91145780001534,11,0
7,18,167,16032,0.6,0.75,0.0,0,0,0,0,0.858542185795012,0.9657159022750675,1.0114645149003403,21.09269739993033,20,0
8,18,167,16032,0.75,0.75,0.0,0,0,0,0,0.8585872689112861,0.9657159022750675,1.0114645149003403,20.976346400158945,28,0
0,20,179,17184,0.225,0.0,0.0,1,0,0,1,0.47583326829800804,0.9550000040224788,1.000000000000675,7.0083248000300955,0,0
1,20,179,17184,0.3,0.0,0.0,1,0,0,1,0.7123187993258386,0.9550000127652772,1.0146837742341492,8.093100200028857,3,0
2,20,179,17184,0.3,0.1875,0.0,0,0,0,0,1.5528625524412816,0.9550000330330319,1.0042526223767891,20.870432700030506,0,0
3,20,179,17184,0.3,0.375,0.0,0,0,0,0,1.4338211579997122,0.9583314360466246,1.0040591574281432,20.762728999950923,0,0
4,20,179,17184,0.45,0.375,0.0,0,0,0,0,1.4311638465038286,0.9583072829342141,1.0040551489464007,21.34507079992909,20,0
5,20,179,17184,0.45,0.5625,0.0,0,0,0,0,1.4314250492163756,0.9583072829342141,1.0040532660545853,21.27209950017277,50,0
6,20,179,17184,0.45,0.75,0.0,0,0,0,0,1.431294642062776,0.9583072829342141,1.0040552308937771,21.324588199844584,40,0
7,20,179,17184,0.6,0.75,0.0,0,0,0,0,1.4314140479828719,0.9583072829342141,1.004052924367318,21.48348399976385,46,0
8,20,179,17184,0.75,0.75,0.0,0,0,0,0,1.4314144670789435,0.9583072829342141,1.0040526871384161,21.24427310010651,40,0
0,21,182,17472,0.225,0.0,0.0,0,0,0,0,1.0214378219727436,0.9550915517177093,1.0050123470652879,20.46684960013954,0,0
1,21,182,17472,0.3,0.0,0.0,0,0,0,0,1.0196110058292478,0.9550810890880457,1.005012307156586,20.60318800006644,35,0
2,21,182,17472,0.3,0.1875,0.0,0,0,0,0,0.8043022499864002,0.9648844098872571,1.004940452173697,20.79840179992607,0,0
3,21,182,17472,0.3,0.375,0.0,0,0,0,0,0.7890848027505478,0.9648449237842106,1.004898945661249,20.229886999877635,17,0
4,21,182,17472,0.45,0.375,0.0,0,0,0,0,0.7879192061088267,0.9648284297369275,1.0049078443780175,20.812216300226282,13,0
5,21,182,17472,0.45,0.5625,0.0,0,0,0,0,0.7878370473385964,0.9648284297369275,1.0049081636997463,20.66857169996365,13,0
6,21,182,17472,0.45,0.75,0.0,0,0,0,0,0.7878200019030032,0.9648284297369275,1.0049082557494768,20.17103170021437,29,0
7,21,182,17472,0.6,0.75,0.0,0,0,0,0,0.7878498249624758,0.9648284297369275,1.004908394770807,20.395741700107465,49,0
8,21,182,17472,0.75,0.75,0.0,0,0,0,0,0.7878769497260141,0.9648284297369275,1.0049083417569065,20.035287700186018,57,0
0,22,186,17856,0.225,0.0,0.0,1,0,0,1,0.4626343416233075,0.9550000018517709,1.00000000000018,6.959508899919456,0,0
1,22,186,17856,0.3,0.0,0.0,1,0,0,1,1.2631836515738626,0.9550000008454731,1.0449954561365387,12.346423499897355,3,0
2,22,186,17856,0.3,0.1875,0.0,0,0,0,0,1.433583261135138,0.9550000363683797,1.018350473018097,21.113779300183523,0,0
3,22,186,17856,0.3,0.375,0.0,0,0,0,0,1.349802399927005,0.958387701250118,1.017607324478102,21.487793800159125,0,0
4,22,186,17856,0.45,0.375,0.0,0,0,0,0,1.3478957364159367,0.9583647165700218,1.0175777385140727,21.039626499841688,18,0
5,22,186,17856,0.45,0.5625,0.0,0,0,0,0,1.3477923291462277,0.9583647165700218,1.0174653746038915,21.213049199985107,33,0
6,22,186,17856,0.45,0.75,0.0,0,0,0,0,1.3476984711519782,0.9583647165700218,1.0174632323362607,20.834481500001857,38,0
7,22,186,17856,0.6,0.75,0.0,0,0,0,0,1.3478129498753666,0.9583647165700218,1.0175522397292112,21.08182469991152,54,0
8,22,186,17856,0.75,0.75,0.0,0,0,0,0,1.3478507655924814,0.9583647165700218,1.017590542615137,21.51960939980927,50,0
0,23,217,20832,0.225,0.0,0.0,0,0,0,0,0.9062604455898601,0.9564861453370336,1.017490164918633,20.159514799976023,0,0
1,23,217,20832,0.3,0.0,0.0,0,0,0,0,0.9050510346371615,0.9562225299067003,1.0175293301346287,20.262495799863245,21,0
2,23,217,20832,0.3,0.1875,0.0,0,0,0,0,0.7168211917819007,0.9661157975202161,1.0166280148402116,20.414692100021057,0,0
3,23,217,20832,0.3,0.375,0.0,0,0,0,0,0.7056902018546093,0.9680053462944946,1.016252689855465,19.539176099846372,17,0
4,23,217,20832,0.45,0.375,0.0,0,0,0,0,0.7046620695956834,0.9666489646981455,1.016273330281517,20.57567909982754,3,0
5,23,217,20832,0.45,0.5625,0.0,0,0,0,0,0.7046682459238632,0.9667918211521266,1.0162732389557236,20.53433260001475,17,0
6,23,217,20832,0.45,0.75,0.0,0,0,0,0,0.7046328001308488,0.9665177427194293,1.0162732389557236,19.83489660001942,48,0
7,23,217,20832,0.6,0.75,0.0,0,0,0,0,0.7046485238552672,0.9666620965744411,1.0162732389557236,19.899763299967162,46,0
8,23,217,20832,0.75,0.75,0.0,0,0,0,0,0.7046750922524678,0.966832264523949,1.0162732389557236,19.94624070014106,44,0
0,25,233,22368,0.225,0.0,0.0,1,0,0,1,0.7697434399196413,0.9550000013603916,1.0239024894718274,10.909326699998928,0,0
1,25,233,22368,0.3,0.0,0.0,1,0,0,1,1.5512281839250428,0.9550000010730532,1.0372693593439406,16.57801340005244,2,0
2,25,233,22368,0.3,0.1875,0.0,0,0,0,0,1.286915879076013,0.9556283924895332,1.0110710761094464,20.907917500066105,0,0
3,25,233,22368,0.3,0.375,0.0,0,0,0,0,1.226377581344846,0.9584488209004037,1.0099987779597785,20.921618699881947,0,0
4,25,233,22368,0.45,0.375,0.0,0,0,0,0,1.2254330112119372,0.9584296788147297,1.0100003698917883,20.965455300174654,23,0
5,25,233,22368,0.45,0.5625,0.0,0,0,0,0,1.225368813928778,0.9584296788147297,1.009997757701252,21.087252800090937,25,0
6,25,233,22368,0.45,0.75,0.0,0,0,0,0,1.2252981288224998,0.9584296788147297,1.0099975298494712,20.902263500116533,28,0
7,25,233,22368,0.6,0.75,0.0,0,0,0,0,1.2253362872083469,0.9584296788147297,1.0099981569567371,20.814813800156116,38,0
8,25,233,22368,0.75,0.75,0.0,0,0,0,0,1.2253843122890784,0.9584296788147297,1.009998252020033,21.341971100162482,31,0
0,26,242,23232,0.225,0.0,0.0,1,0,0,1,0.5141530348372857,0.9550000021739121,1.0000021054650208,7.57654139996157,0,0
1,26,242,23232,0.3,0.0,0.0,1,0,0,1,0.6811729631199376,0.9549994232397304,1.0148480663408392,8.202472400153056,3,0
2,26,242,23232,0.3,0.1875,0.0,0,0,0,0,1.6243432039533794,0.9550000005218398,1.0022347997830676,21.028893299982883,0,0
3,26,242,23232,0.3,0.375,0.0,0,0,0,0,1.4957164763931636,0.9582981491253343,1.0016712971954773,21.208268700167537,0,0
4,26,242,23232,0.45,0.375,0.0,0,0,0,0,1.4908191238477762,0.9580068019334855,1.0016657066916688,21.09642340001301,23,0
5,26,242,23232,0.45,0.5625,0.0,0,0,0,0,1.4911134821471816,0.957962102171634,1.0016646265212599,21.266539600212127,51,0
6,26,242,23232,0.45,0.75,0.0,0,0,0,0,1.4909594949561094,0.957962102171634,1.0016646265212599,21.3925674999482,40,0
7,26,242,23232,0.6,0.75,0.0,0,0,0,0,1.4910803850519465,0.957962102171634,1.0016646265212599,21.013651500019478,47,0
8,26,242,23232,0.75,0.75,0.0,0,0,0,0,1.4910464553326879,0.957962102171634,1.0016481077583959,21.38355779997073,41,0
0,27,244,23424,0.225,0.0,0.0,0,0,0,0,1.1043689949514732,0.9550000261292867,1.0056209619174568,20.627886600006605,0,0
1,27,244,23424,0.3,0.0,0.0,0,0,0,0,1.1030302610249443,0.9550000384505848,1.0056208422105082,20.67520759991021,53,0
2,27,244,23424,0.3,0.1875,0.0,0,0,0,0,0.8753341759549861,0.9644378215256973,1.005537389462384,20.647506099950988,0,0
3,27,244,23424,0.3,0.375,0.0,0,0,0,0,0.8546430438651056,0.9645926587470232,1.0054804830158022,20.757781300198985,3,0
4,27,244,23424,0.45,0.375,0.0,0,0,0,0,0.8540896905770964,0.9641177228562636,1.0054976528235668,21.004960699938238,7,0
5,27,244,23424,0.45,0.5625,0.0,0,0,0,0,0.8540416910857124,0.9641052153764684,1.0054977698122638,20.867289100016933,11,0
6,27,244,23424,0.45,0.75,0.0,0,0,0,0,0.8539887184512585,0.9641052153764684,1.0054978579278986,20.749188899848377,18,0
7,27,244,23424,0.6,0.75,0.0,0,0,0,0,0.8540067296605977,0.9641052153764684,1.0054980411924406,20.823457400110783,22,0
8,27,244,23424,0.75,0.75,0.0,0,0,0,0,0.8540057663900229,0.9641052153764684,1.0054980875276363,20.84850060005556,29,0
0,28,245,23520,0.225,0.0,0.0,0,0,0,0,0.951712360711277,0.9550000329146784,1.0156395508566847,20.147672400140436,0,0
1,28,245,23520,0.3,0.0,0.0,0,0,0,0,0.9503161402142124,0.9550111302992905,1.0155694469491978,20.683844999875873,19,0
2,28,245,23520,0.3,0.1875,0.0,0,0,0,0,0.7551672001467028,0.9646349047329233,1.0147643950052951,20.990803099935874,0,0
3,28,245,23520,0.3,0.375,0.0,0,0,0,0,0.7431129192231163,0.9646945211407996,1.0144871170226475,20.017201499955263,15,0
4,28,245,23520,0.45,0.375,0.0,0,0,0,0,0.7421532233796555,0.9642261767441592,1.014497769019983,20.503987799806055,7,0
5,28,245,23520,0.45,0.5625,0.0,0,0,0,0,0.7421225488310412,0.9642139053420716,1.0144973526048044,20.596488700102782,21,0
6,28,245,23520,0.45,0.75,0.0,0,0,0,0,0.7421431859879988,0.9642139053420716,1.0144973526048044,20.35279129992705,63,0
7,28,245,23520,0.6,0.75,0.0,0,0,0,0,0.7421449296641338,0.9642139053420716,1.0144973526048044,20.638379799987888,57,0
8,28,245,23520,0.75,0.75,0.0,0,0,0,0,0.7421617127607235,0.9642139053420716,1.0144973526048044,20.32925100013381,53,0
0,30,255,24480,0.225,0.0,0.0,1,0,0,1,0.4455283407465953,0.9550000060386921,1.000000000001353,6.497776499920292,0,0
1,30,255,24480,0.3,0.0,0.0,1,0,0,1,0.6090496904259342,0.9550000075270949,1.014408717606639,6.9714041000115685,4,0
2,30,255,24480,0.3,0.1875,0.0,0,0,0,0,2.313421365193515,0.9550000023291662,1.0145407615106345,20.894997400057036,0,0
3,30,255,24480,0.3,0.375,0.0,0,0,0,0,1.6935511408343602,0.9550587316099755,1.0035092038497258,21.258405699918512,0,0
4,30,255,24480,0.45,0.375,0.0,0,0,0,0,1.6879455719648184,0.9550320949527084,1.0035088851832388,21.109179899998708,30,0
5,30,255,24480,0.45,0.5625,0.0,0,0,0,0,1.688352661528031,0.9550320949527084,1.0035080447689306,21.127254200022435,65,0
6,30,255,24480,0.45,0.75,0.0,0,0,0,0,1.688222334353106,0.9550320949527084,1.0035080447689306,21.195195599779254,57,0
7,30,255,24480,0.6,0.75,0.0,0,0,0,0,1.6882735833943854,0.9550320949527084,1.0035080447689306,21.059576600091532,59,0
8,30,255,24480,0.75,0.75,0.0,0,0,0,0,1.6881337408935322,0.9550320949527084,1.0034908010278725,21.508869299985236,57,0
0,31,271,26016,0.225,0.0,0.0,1,0,0,1,0.4756312817675762,0.9550000009588573,1.0000000000016438,7.0068344000319485,0,0
1,31,271,26016,0.3,0.0,0.0,1,0,0,1,0.7800285258705951,0.9550000027106338,1.0381008510130432,8.454060100048082,4,0
2,31,271,26016,0.3,0.1875,0.0,0,0,0,0,1.7091298361475447,0.9550000009098768,1.0057858076444715,21.00794649985619,0,0
3,31,271,26016,0.3,0.375,0.0,0,0,0,0,1.5024214290796938,0.9582246102483672,1.005694320618574,20.978222499863477,0,0
4,31,271,26016,0.45,0.375,0.0,0,0,0,0,1.4945902311464574,0.9567034216863416,1.0056988424856121,21.25913950020913,11,0
5,31,271,26016,0.45,0.5625,0.0,0,0,0,0,1.494981516424936,0.9566242628602022,1.005698357454415,21.322222099930514,60,0
6,31,271,26016,0.45,0.75,0.0,0,0,0,0,1.494821099232507,0.9565772962689569,1.0056934071384804,21.465723799919942,46,0
7,31,271,26016,0.6,0.75,0.0,0,0,0,0,1.4949290543387872,0.9565772962689569,1.0056931272777727,21.254321999993408,61,0
8,31,271,26016,0.75,0.75,0.0,0,0,0,0,1.4949593761794144,0.9565772962689569,1.0056931272777727,21.27976679999847,58,0
0,32,277,26592,0.225,0.0,0.0,1,0,0,1,0.46094041709841177,0.9550000072836378,1.0000000000002447,6.581189100048505,0,0
1,32,277,26592,0.3,0.0,0.0,1,0,0,1,0.6150200968725762,0.9550000028713843,1.0143708426231905,7.108770500053652,4,0
2,32,277,26592,0.3,0.1875,0.0,1,0,0,1,2.244833643469667,0.9550000007868068,1.0153124685532924,21.011497200117446,0,0
3,32,277,26592,0.3,0.375,0.0,0,0,0,0,1.708924744955694,0.9550001107009345,1.002673230575966,21.512353000114672,0,0
4,32,277,26592,0.45,0.375,0.0,0,0,0,0,1.7038510829402995,0.955119294169247,1.0026789709889141,21.491270599828567,35,0
5,32,277,26592,0.45,0.5625,0.0,0,0,0,0,1.7042077752556257,0.955119294169247,1.0026777365623458,21.28079959997558,58,0
6,32,277,26592,0.45,0.75,0.0,0,0,0,0,1.7040532531758055,0.955119294169247,1.0026777365623458,21.385006900003646,58,0
7,32,277,26592,0.6,0.75,0.0,0,0,0,0,1.7041661494233453,0.955119294169247,1.0026777365623458,21.17541680013528,65,0
8,32,277,26592,0.75,0.75,0.0,0,0,0,0,1.7039374268936274,0.955119294169247,1.0026297207703412,21.499993500008713,61,0
0,33,279,26784,0.225,0.0,0.0,1,0,0,1,1.4313351899250577,0.9550000013814176,1.0131617274624272,18.01618989984854,0,0
1,33,279,26784,0.3,0.0,0.0,1,0,0,1,1.690993546788412,0.9550000017682353,1.0144514014341683,20.0397907999577,19,0
2,33,279,26784,0.3,0.1875,0.0,0,0,0,0,1.2205309103071915,0.9555882459704774,1.0019711309446817,20.83900090001407,0,0
3,33,279,26784,0.3,0.375,0.0,0,0,0,0,1.1842615187775758,0.9582990249093069,1.0019015671730702,21.076021200045943,0,0
4,33,279,26784,0.45,0.375,0.0,0,0,0,0,1.1830440365582557,0.9582751159991874,1.0019045747395452,21.762567499739816,15,0
5,33,279,26784,0.45,0.5625,0.0,0,0,0,0,1.183106882062302,0.9582751159991874,1.0019044528279393,21.529539700131863,39,0
6,33,279,26784,0.45,0.75,0.0,0,0,0,0,1.183005303772876,0.9582751159991874,1.001904639004488,21.120583100127988,43,0
7,33,279,26784,0.6,0.75,0.0,0,0,0,0,1.1830626056499187,0.9582751159991874,1.0019042289443236,21.07153920008568,44,0
8,33,279,26784,0.75,0.75,0.0,0,0,0,0,1.183092153262205,0.9582751159991874,1.0019042289443236,21.593664099869784,43,0
0,35,285,27360,0.225,0.0,0.0,1,0,0,1,0.49149741407895153,0.9550000019799584,1.002540819990471,6.830410700000357,0,0
1,35,285,27360,0.3,0.0,0.0,1,0,0,1,0.606476186656551,0.9549993702994928,1.014069333593229,7.132125500094844,4,0
2,35,285,27360,0.3,0.1875,0.0,0,0,0,0,1.9861088541988898,0.9550000018704498,1.0059465825480076,20.851728599955095,0,0
3,35,285,27360,0.3,0.375,0.0,0,0,0,0,1.6011667959627183,0.9550093334559675,1.0054754194135611,21.450370900012786,0,0
4,35,285,27360,0.45,0.375,0.0,0,0,0,0,1.5962043107697388,0.9551120087527083,1.005480911970314,21.281254799861927,25,0
5,35,285,27360,0.45,0.5625,0.0,0,0,0,0,1.596511500208339,0.9551120087527083,1.0054801802498452,21.56146480003372,64,0
6,35,285,27360,0.45,0.75,0.0,0,0,0,0,1.5963852512544006,0.9551120087527083,1.0054753126552773,21.24694800018915,59,0
7,35,285,27360,0.6,0.75,0.0,0,0,0,0,1.5964622789205274,0.9551120087527083,1.0054745587613945,21.20501129992772,62,0
8,35,285,27360,0.75,0.75,0.0,0,0,0,0,1.596486230834116,0.9551120087527083,1.0054745587613945,21.293774699995993,63,0
0,36,287,27552,0.225,0.0,0.0,1,0,0,1,1.109460620256182,0.9550000020761784,1.0193836923979758,19.955581100075506,0,0
1,36,287,27552,0.3,0.0,0.0,0,0,0,0,1.2509552284312637,0.9549995380502373,1.0194600675966239,20.62809489996289,35,0
2,36,287,27552,0.3,0.1875,0.0,0,0,0,0,0.9165483459697806,0.9586950602563764,1.0185410770634908,20.484313100023428,0,0
3,36,287,27552,0.3,0.375,0.0,0,0,0,0,0.8977342702440692,0.9612250098617002,1.0181907081872612,20.512012400082313,4,0
4,36,287,27552,0.45,0.375,0.0,0,0,0,0,0.896855398372312,0.960608121823752,1.0181930954376734,21.041607999970438,7,0
5,36,287,27552,0.45,0.5625,0.0,0,0,0,0,0.8968687215382687,0.960589804767341,1.018194440354254,21.222916900063865,23,0
6,36,287,27552,0.45,0.75,0.0,0,0,0,0,0.8968791169267213,0.960356412818815,1.0181937264599017,20.39846519989078,51,0
7,36,287,27552,0.6,0.75,0.0,0,0,0,0,0.8968607367925877,0.960448168471526,1.0181990670328085,20.381074400007492,48,0
8,36,287,27552,0.75,0.75,0.0,0,0,0,0,0.8968722242587321,0.9604847061270797,1.0181964414782345,20.704001500213053,43,0
0,37,289,27744,0.225,0.0,0.0,1,0,0,1,0.48509585803067223,0.9550000018022508,1.0099216501561523,6.625185200042324,0,0
1,37,289,27744,0.3,0.0,0.0,1,0,0,1,0.6079024013172412,0.9550000017818976,1.0144115390039978,6.9388527998526115,2,0
2,37,289,27744,0.3,0.1875,0.0,1,0,0,1,1.8804220378584133,0.9550000007359356,1.007069682170111,19.688921000022674,0,0
3,37,289,27744,0.3,0.375,0.0,0,0,0,0,1.663056338861758,0.9550000251532893,1.0069477382057417,21.272179200139362,0,0
4,37,289,27744,0.45,0.375,0.0,0,0,0,0,1.6596764670847113,0.9550352755990976,1.0069532738804685,21.197463500051526,31,0
5,37,289,27744,0.45,0.5625,0.0,0,0,0,0,1.659859562610328,0.9550352755990976,1.006946537117824,21.23981609987095,64,0
6,37,289,27744,0.45,0.75,0.0,0,0,0,0,1.6593754450552496,0.9550352755990976,1.0069450588407278,21.619362200028263,58,0
7,37,289,27744,0.6,0.75,0.0,0,0,0,0,1.6594936460834362,0.9550352755990976,1.006944818371732,21.277343599998858,70,0
8,37,289,27744,0.75,0.75,0.0,0,0,0,0,1.65949265285382,0.9550352755990976,1.006944818371732,21.573192300042138,68,0
0,38,293,28128,0.225,0.0,0.0,1,0,0,1,1.1347470681223182,0.9550000009846967,1.0146001026437412,14.978354000020772,0,0
1,38,293,28128,0.3,0.0,0.0,1,0,0,1,1.8880248335904437,0.9549992084158396,1.0198105337013097,19.760055700025987,21,0
2,38,293,28128,0.3,0.1875,0.0,0,0,0,0,1.2612619289783122,0.9557281654810779,1.0016751601814369,21.058223400148563,0,0
3,38,293,28128,0.3,0.375,0.0,0,0,0,0,1.2241083591473807,0.9583581166467184,1.0015925952645814,21.22873709985288,0,0
4,38,293,28128,0.45,0.375,0.0,0,0,0,0,1.22282234246959,0.958337446288673,1.0015898579189402,21.46437960010371,22,0
5,38,293,28128,0.45,0.5625,0.0,0,0,0,0,1.2228685978156362,0.958337446288673,1.0015925257378377,21.613599799922667,39,0
6,38,293,28128,0.45,0.75,0.0,0,0,0,0,1.2227980132049574,0.958337446288673,1.0015924299593073,20.830951399926562,50,0
7,38,293,28128,0.6,0.75,0.0,0,0,0,0,1.2228481702137504,0.958337446288673,1.001592782995222,21.074694599956274,49,0
8,38,293,28128,0.75,0.75,0.0,0,0,0,0,1.2228800761373968,0.958337446288673,1.0015924786890207,21.235754299967084,48,0
0,40,301,28896,0.225,0.0,0.0,1,0,0,1,1.2837450108114736,0.9550000007643515,1.0124555289197863,19.179541099758353,0,0
1,40,301,28896,0.3,0.0,0.0,1,0,0,1,1.5469282242310856,0.954999523631731,1.0132712010200318,20.493788699939614,16,0
2,40,301,28896,0.3,0.1875,0.0,0,0,0,0,1.1420396989176724,0.9569787924873859,1.0026928732145017,21.091746599733597,0,0
3,40,301,28896,0.3,0.375,0.0,0,0,0,0,1.1121786985558488,0.9600774241429704,1.002643717746681,21.11910620011622,0,0
4,40,301,28896,0.45,0.375,0.0,0,0,0,0,1.1109051838981456,0.959595587071112,1.0026455941200676,21.277721400023438,12,0
5,40,301,28896,0.45,0.5625,0.0,0,0,0,0,1.1109544247056067,0.9595594368095347,1.0026457621975964,21.569911099912133,29,0
6,40,301,28896,0.45,0.75,0.0,0,0,0,0,1.1108257504592747,0.9595249778948206,1.0026455723290715,21.129347799986135,32,0
7,40,301,28896,0.6,0.75,0.0,0,0,0,0,1.1108715666703581,0.9596246296534086,1.0026452150201268,21.42289830002119,30,0
8,40,301,28896,0.75,0.75,0.0,0,0,0,0,1.1109389471374196,0.9596492007430146,1.0026457450697204,21.082640200009337,34,0
0,41,308,29568,0.225,0.0,0.0,1,0,0,1,1.313000547417647,0.9550000007265894,1.012266331030534,18.141994400095427,0,0
1,41,308,29568,0.3,0.0,0.0,1,0,0,1,1.5500650546683015,0.9549994513303272,1.0163533389750465,19.527033700083848,41,0
2,41,308,29568,0.3,0.1875,0.0,0,0,0,0,1.1770464802701675,0.9560492039721277,1.0000000000055824,20.965019700146513,0,0
3,41,308,29568,0.3,0.375,0.0,0,0,0,0,1.1484101306016432,0.9583929367291253,1.0000000000037084,21.4397756998369,0,0
4,41,308,29568,0.45,0.375,0.0,0,0,0,0,1.1475866584497785,0.9583728254150551,1.0000000000014415,21.750432100059697,16,0
5,41,308,29568,0.45,0.5625,0.0,0,0,0,0,1.1476571502656319,0.9583728254150551,1.0000000000009452,21.66550329994061,44,0
6,41,308,29568,0.45,0.75,0.0,0,0,0,0,1.1476331895104965,0.9583728254150551,1.0000000000008296,21.056276100192918,63,0
7,41,308,29568,0.6,0.75,0.0,0,0,0,0,1.1475988688340262,0.9583728254150551,1.0000000000006684,21.27543889998924,45,0
8,41,308,29568,0.75,0.75,0.0,0,0,0,0,1.1476325604100297,0.9583728254150551,1.000000000000635,21.748334199975943,45,0
0,42,311,29856,0.225,0.0,0.0,1,0,0,1,0.5047693868736582,0.9550000020616309,1.0061308949248575,6.054490699927555,0,0
1,42,311,29856,0.3,0.0,0.0,1,0,0,1,0.617764927563646,0.9550000012509288,1.011896059136743,6.3951933999487665,6,0
2,42,311,29856,0.3,0.1875,0.0,1,0,0,1,1.094952914523708,0.9550000006105159,1.0157229136274453,11.140176000044448,0,0
3,42,311,29856,0.3,0.375,0.0,0,0,0,0,2.1045057815157087,0.9550000038926721,1.0000000000036715,21.51404969979194,0,0
4,42,311,29856,0.45,0.375,0.0,0,0,0,0,2.102290659228686,0.9550000201170846,1.000000000001434,21.23430479990202,46,0
5,42,311,29856,0.45,0.5625,0.0,0,0,0,0,2.094199533525425,0.9550027237832794,1.0000000000013207,21.297671399865067,74,0
6,42,311,29856,0.45,0.75,0.0,0,0,0,0,2.092145063646672,0.955003309070876,1.0000000000011056,21.405571700131986,75,0
7,42,311,29856,0.6,0.75,0.0,0,0,0,0,2.0923779551868074,0.955003309070876,1.0000000000007605,21.179746199864894,90,0
8,42,311,29856,0.75,0.75,0.0,0,0,0,0,2.0924085577577993,0.955003309070876,1.000000000000638,21.317061999754515,92,0
0,43,318,30528,0.225,0.0,0.0,1,0,0,1,0.49569409656328356,0.9550000021705068,1.0001286123712563,5.888296499993885,0,0
1,43,318,30528,0.3,0.0,0.0,1,0,0,1,0.6546293450085141,0.9549994169510828,1.016456989525398,6.442745700129308,6,0
2,43,318,30528,0.3,0.1875,0.0,1,0,0,1,2.0576993530770524,0.9550000012603554,1.0132649049154199,16.229940200020792,0,0
3,43,318,30528,0.3,0.375,0.0,0,0,0,0,2.0652156011206535,0.9550000056141495,1.000000000003674,21.673712200048612,0,0
4,43,318,30528,0.45,0.375,0.0,0,0,0,0,2.061437482222357,0.9549997465083386,1.0000000000014322,21.784584399749292,37,0
5,43,318,30528,0.45,0.5625,0.0,0,0,0,0,2.046931312303516,0.9550034700593338,1.0000000000013212,21.454990400059614,77,0
6,43,318,30528,0.45,0.75,0.0,0,0,0,0,2.0457700782834523,0.9550034700593338,1.0000000000013078,21.151124499941943,78,0
7,43,318,30528,0.6,0.75,0.0,0,0,0,0,2.045937025625444,0.9550034700593338,1.00000000000074,21.363765399932163,90,0
8,43,318,30528,0.75,0.75,0.0,0,0,0,0,2.0459680783779857,0.9550034700593338,1.000000000000641,21.494151700055227,92,0
0,45,329,31584,0.225,0.0,0.0,1,0,0,1,0.953259708305248,0.9550000009853353,1.0134907590700932,12.236486800044077,0,0
1,45,329,31584,0.3,0.0,0.0,1,0,0,1,1.8348495627226822,0.9550000007121378,1.0211155200800999,17.550720299739623,2,0
2,45,329,31584,0.3,0.1875,0.0,0,0,0,0,1.4130230427528379,0.9550000004877407,1.0000000000055274,21.260311599937268,0,0
3,45,329,31584,0.3,0.375,0.0,0,0,0,0,1.3651906177046946,0.9580582808108461,1.0000000000037255,21.489227699901676,0,0
4,45,329,31584,0.45,0.375,0.0,0,0,0,0,1.3605911311176344,0.957673628829381,1.000000000001444,21.80332529990119,11,0
5,45,329,31584,0.45,0.5625,0.0,0,0,0,0,1.360732414872421,0.9576253080950978,1.0000000000009044,21.606668399908813,51,0
6,45,329,31584,0.45,0.75,0.0,0,0,0,0,1.3605519611192167,0.9576253080950978,1.0000000000008358,20.931810600071913,56,0
7,45,329,31584,0.6,0.75,0.0,0,0,0,0,1.3606360987475516,0.9576253080950978,1.0000000000006517,21.211456700082636,55,0
8,45,329,31584,0.75,0.75,0.0,0,0,0,0,1.360676209834529,0.9576253080950978,1.000000000000649,21.586142899963306,53,0
0,46,330,31680,0.225,0.0,0.0,1,0,0,1,0.35747713447233687,0.9550000014467902,0.9999999999999934,4.824455499910982,0,0
1,46,330,31680,0.3,0.0,0.0,1,0,0,1,0.591829104270001,0.9549993959689225,1.0144065006930438,5.728637500084005,5,0
2,46,330,31680,0.3,0.1875,0.0,1,0,0,1,0.7967156106589182,0.9550000058318895,1.00575441340894,8.84082879993366,0,0
3,46,330,31680,0.3,0.375,0.0,0,0,0,0,2.8810486185459383,0.9550000013163074,1.0000000000037228,21.330603000038536,0,0
4,46,330,31680,0.45,0.375,0.0,0,0,0,0,2.876830643019676,0.955000001161935,1.000000000001441,21.420707999990555,19,0
5,46,330,31680,0.45,0.5625,0.0,0,0,0,0,2.4296121366179912,0.955000001898388,1.0000000000009415,21.518983599875355,32,0
6,46,330,31680,0.45,0.75,0.0,0,0,0,0,2.429775515271537,0.9550000032403402,1.0000000000010743,21.460993199958466,71,0
7,46,330,31680,0.6,0.75,0.0,0,0,0,0,2.4301230773844695,0.955000012850257,1.0000000000007492,21.483949199988274,74,0
8,46,330,31680,0.75,0.75,0.0,0,0,0,0,2.4299953699975396,0.9550000169145876,1.0000000000006393,21.594175499893026,76,0
0,47,341,32736,0.225,0.0,0.0,1,0,0,1,0.4155336615649953,0.9550000019153028,1.0092437033984138,4.104540900036227,0,0
1,47,341,32736,0.3,0.0,0.0,1,0,0,1,0.6808331916474321,0.9550000022304477,1.014215970106195,5.180749699968146,5,0
2,47,341,32736,0.3,0.1875,0.0,1,0,0,1,0.9519850266033948,0.9550000020264297,1.005689706939938,9.239021600136766,0,0
3,47,341,32736,0.3,0.375,0.0,0,0,0,0,2.69221612523998,0.955000000950801,1.0000000000036116,20.946094999933848,0,0
4,47,341,32736,0.45,0.375,0.0,0,0,0,0,2.68771679892298,0.9550000012431071,1.0000000000014424,21.421014799911063,11,0
5,47,341,32736,0.45,0.5625,0.0,0,0,0,0,2.4007902320041805,0.9550001810707192,1.00000000000129,21.46474929989199,34,0
6,47,341,32736,0.45,0.75,0.0,0,0,0,0,2.400479649118104,0.955000189334238,1.0000000000010716,21.35287169989897,67,0
7,47,341,32736,0.6,0.75,0.0,0,0,0,0,2.400677277300495,0.9550001916818326,1.0000000000007567,21.182618199993158,80,0
8,47,341,32736,0.75,0.75,0.0,0,0,0,0,2.400757294099808,0.9550001973704324,1.0000000000006515,21.328832299797796,83,0
0,48,342,32832,0.225,0.0,0.0,1,0,0,1,0.7146114401599002,0.9550000019609615,0.9999999999997334,7.419225699995877,0,0
1,48,342,32832,0.3,0.0,0.0,1,0,0,1,1.1193286484927898,0.9550000013651508,1.014406389522438,9.410083300172118,16,0
2,48,342,32832,0.3,0.1875,0.0,0,0,0,0,1.9452329156333934,0.9550000009400614,1.0000000000056086,21.72591899993131,0,0
3,48,342,32832,0.3,0.375,0.0,0,0,0,0,1.7310444157159566,0.9554846499508972,1.0000000000036826,21.53358090002439,0,0
4,48,342,32832,0.45,0.375,0.0,0,0,0,0,1.7218794035198348,0.955456139250212,1.0000000000014437,21.42539019990363,12,0
5,48,342,32832,0.45,0.5625,0.0,0,0,0,0,1.7223336318324094,0.955456139250212,1.0000000000013214,20.95376149995718,82,0
6,48,342,32832,0.45,0.75,0.0,0,0,0,0,1.7222214973703565,0.955456139250212,1.0000000000013187,21.26135989994509,65,0
7,48,342,32832,0.6,0.75,0.0,0,0,0,0,1.722391488287259,0.955456139250212,1.0000000000006717,20.957604899915168,77,0
8,48,342,32832,0.75,0.75,0.0,0,0,0,0,1.7223244549882457,0.955456139250212,1.0000000000006493,20.98033460008446,66,0
