panel,candidate_id,pv_s_scale,svc_q_scale,cap_total_mvar,mean_daily_loss_mwh,resource_index,delta_loss_mwh,delta_intervention,best_loss_mwh,comparator_loss_mwh,saving_pct,best_pv_scale,best_svc_scale,best_cap_mvar,comparator_pv_scale,comparator_svc_scale,comparator_cap_mvar
a_refine_cap0_loss,0.0,0.7,0.7,0.0,0.871469179913312,70.0,,,,,,,,,,,
a_refine_cap0_loss,1.0,0.7,0.7421052631578947,0.0,0.8888181395143198,72.10526315789474,,,,,,,,,,,
a_refine_cap0_loss,2.0,0.7,0.7842105263157895,0.0,0.9093833372579871,74.21052631578948,,,,,,,,,,,
a_refine_cap0_loss,3.0,0.7,0.8263157894736841,0.0,0.9331387408985782,76.3157894736842,,,,,,,,,,,
a_refine_cap0_loss,4.0,0.7,0.8684210526315789,0.0,0.9600319166047844,78.42105263157895,,,,,,,,,,,
a_refine_cap0_loss,5.0,0.7,0.9105263157894736,0.0,0.9900064326633696,80.52631578947368,,,,,,,,,,,
a_refine_cap0_loss,6.0,0.7,0.9526315789473684,0.0,1.0230073398228636,82.63157894736841,,,,,,,,,,,
a_refine_cap0_loss,7.0,0.7,0.9947368421052633,0.0,1.0589928397097124,84.73684210526315,,,,,,,,,,,
a_refine_cap0_loss,8.0,0.7,1.0368421052631578,0.0,1.0979139667473838,86.84210526315789,,,,,,,,,,,
a_refine_cap0_loss,9.0,0.7,1.0789473684210529,0.0,1.1397431556499733,88.94736842105263,,,,,,,,,,,
a_refine_cap0_loss,10.0,0.7,1.1210526315789473,0.0,1.184489847956362,91.05263157894736,,,,,,,,,,,
a_refine_cap0_loss,20.0,0.7421052631578947,0.7,0.0,0.879053571359968,72.10526315789474,,,,,,,,,,,
a_refine_cap0_loss,21.0,0.7421052631578947,0.7421052631578947,0.0,0.8968088739703436,74.21052631578947,,,,,,,,,,,
a_refine_cap0_loss,22.0,0.7421052631578947,0.7842105263157895,0.0,0.9177915408958128,76.3157894736842,,,,,,,,,,,
a_refine_cap0_loss,23.0,0.7421052631578947,0.8263157894736841,0.0,0.941959325747076,78.42105263157893,,,,,,,,,,,
a_refine_cap0_loss,24.0,0.7421052631578947,0.8684210526315789,0.0,0.9692435656760492,80.52631578947367,,,,,,,,,,,
a_refine_cap0_loss,25.0,0.7421052631578947,0.9105263157894736,0.0,0.9995754807533356,82.63157894736841,,,,,,,,,,,
a_refine_cap0_loss,26.0,0.7421052631578947,0.9526315789473684,0.0,1.0329149279710854,84.73684210526315,,,,,,,,,,,
a_refine_cap0_loss,27.0,0.7421052631578947,0.9947368421052633,0.0,1.069214627049761,86.84210526315789,,,,,,,,,,,
a_refine_cap0_loss,28.0,0.7421052631578947,1.0368421052631578,0.0,1.108426278373454,88.94736842105263,,,,,,,,,,,
a_refine_cap0_loss,29.0,0.7421052631578947,1.0789473684210529,0.0,1.1505266101912548,91.05263157894736,,,,,,,,,,,
a_refine_cap0_loss,40.0,0.7842105263157895,0.7,0.0,0.8877081577911888,74.21052631578948,,,,,,,,,,,
a_refine_cap0_loss,41.0,0.7842105263157895,0.7421052631578947,0.0,0.905876509583158,76.3157894736842,,,,,,,,,,,
a_refine_cap0_loss,42.0,0.7842105263157895,0.7842105263157895,0.0,0.927274699727863,78.42105263157895,,,,,,,,,,,
a_refine_cap0_loss,43.0,0.7842105263157895,0.8263157894736841,0.0,0.9518488491003586,80.52631578947367,,,,,,,,,,,
a_refine_cap0_loss,44.0,0.7842105263157895,0.8684210526315789,0.0,0.9795187955394484,82.63157894736841,,,,,,,,,,,
a_refine_cap0_loss,45.0,0.7842105263157895,0.9105263157894736,0.0,1.0101946504287251,84.73684210526315,,,,,,,,,,,
a_refine_cap0_loss,46.0,0.7842105263157895,0.9526315789473684,0.0,1.0438536160289071,86.84210526315789,,,,,,,,,,,
a_refine_cap0_loss,47.0,0.7842105263157895,0.9947368421052633,0.0,1.080447575262615,88.94736842105263,,,,,,,,,,,
a_refine_cap0_loss,48.0,0.7842105263157895,1.0368421052631578,0.0,1.1199394218591674,91.05263157894736,,,,,,,,,,,
a_refine_cap0_loss,60.0,0.8263157894736841,0.7,0.0,0.8974485735943437,76.3157894736842,,,,,,,,,,,
a_refine_cap0_loss,61.0,0.8263157894736841,0.7421052631578947,0.0,0.9160283781560978,78.42105263157893,,,,,,,,,,,
a_refine_cap0_loss,62.0,0.8263157894736841,0.7842105263157895,0.0,0.9378420783657504,80.52631578947367,,,,,,,,,,,
a_refine_cap0_loss,63.0,0.8263157894736841,0.8263157894736841,0.0,0.962808902351182,82.63157894736841,,,,,,,,,,,
a_refine_cap0_loss,64.0,0.8263157894736841,0.8684210526315789,0.0,0.99084541867279,84.73684210526315,,,,,,,,,,,
a_refine_cap0_loss,65.0,0.8263157894736841,0.9105263157894736,0.0,1.0218582200498942,86.84210526315789,,,,,,,,,,,
a_refine_cap0_loss,66.0,0.8263157894736841,0.9526315789473684,0.0,1.0558148548924515,88.94736842105263,,,,,,,,,,,
a_refine_cap0_loss,67.0,0.8263157894736841,0.9947368421052633,0.0,1.0926929121926727,91.05263157894736,,,,,,,,,,,
a_refine_cap0_loss,80.0,0.8684210526315789,0.7,0.0,0.90827950610079,78.42105263157895,,,,,,,,,,,
a_refine_cap0_loss,81.0,0.8684210526315789,0.7421052631578947,0.0,0.9272689069915788,80.52631578947367,,,,,,,,,,,
a_refine_cap0_loss,82.0,0.8684210526315789,0.7842105263157895,0.0,0.9494832616166274,82.63157894736841,,,,,,,,,,,
a_refine_cap0_loss,83.0,0.8684210526315789,0.8263157894736841,0.0,0.9748248234900782,84.73684210526315,,,,,,,,,,,
a_refine_cap0_loss,84.0,0.8684210526315789,0.8684210526315789,0.0,1.0032140868233543,86.84210526315789,,,,,,,,,,,
a_refine_cap0_loss,85.0,0.8684210526315789,0.9105263157894736,0.0,1.0345505151165684,88.94736842105263,,,,,,,,,,,
a_refine_cap0_loss,86.0,0.8684210526315789,0.9526315789473684,0.0,1.0687880475357616,91.05263157894736,,,,,,,,,,,
a_refine_cap0_loss,100.0,0.9105263157894736,0.7,0.0,0.9201985287381153,80.52631578947368,,,,,,,,,,,
a_refine_cap0_loss,101.0,0.9105263157894736,0.7421052631578947,0.0,0.9395937020867728,82.63157894736841,,,,,,,,,,,
a_refine_cap0_loss,102.0,0.9105263157894736,0.7842105263157895,0.0,0.9621912417042624,84.73684210526315,,,,,,,,,,,
a_refine_cap0_loss,103.0,0.9105263157894736,0.8263157894736841,0.0,0.987900321297225,86.84210526315789,,,,,,,,,,,
a_refine_cap0_loss,104.0,0.9105263157894736,0.8684210526315789,0.0,1.0166202092031424,88.94736842105263,,,,,,,,,,,
a_refine_cap0_loss,105.0,0.9105263157894736,0.9105263157894736,0.0,1.0482538270559345,91.05263157894736,,,,,,,,,,,
a_refine_cap0_loss,120.0,0.9526315789473684,0.7,0.0,0.9332000294621796,82.63157894736841,,,,,,,,,,,
a_refine_cap0_loss,121.0,0.9526315789473684,0.7421052631578947,0.0,0.9529958486877516,84.73684210526315,,,,,,,,,,,
a_refine_cap0_loss,122.0,0.9526315789473684,0.7842105263157895,0.0,0.9759636062243608,86.84210526315789,,,,,,,,,,,
a_refine_cap0_loss,123.0,0.9526315789473684,0.8263157894736841,0.0,1.0020299717261472,88.94736842105263,,,,,,,,,,,
a_refine_cap0_loss,124.0,0.9526315789473684,0.8684210526315789,0.0,1.031055565364312,91.05263157894736,,,,,,,,,,,
a_refine_cap0_loss,140.0,0.9947368421052633,0.7,0.0,0.9472665381485792,84.73684210526315,,,,,,,,,,,
a_refine_cap0_loss,141.0,0.9947368421052633,0.7421052631578947,0.0,0.9674560357986106,86.84210526315789,,,,,,,,,,,
a_refine_cap0_loss,142.0,0.9947368421052633,0.7842105263157895,0.0,0.9907885979140846,88.94736842105263,,,,,,,,,,,
a_refine_cap0_loss,143.0,0.9947368421052633,0.8263157894736841,0.0,1.0171773118705218,91.05263157894736,,,,,,,,,,,
a_refine_cap0_loss,160.0,1.0368421052631578,0.7,0.0,0.9623460956838784,86.84210526315789,,,,,,,,,,,
a_refine_cap0_loss,161.0,1.0368421052631578,0.7421052631578947,0.0,0.9829215977449004,88.94736842105263,,,,,,,,,,,
a_refine_cap0_loss,162.0,1.0368421052631578,0.7842105263157895,0.0,1.0066063270649623,91.05263157894736,,,,,,,,,,,
a_refine_cap0_loss,180.0,1.0789473684210529,0.7,0.0,0.9783958547356496,88.94736842105263,,,,,,,,,,,
a_refine_cap0_loss,181.0,1.0789473684210529,0.7421052631578947,0.0,0.9993419134453349,91.05263157894736,,,,,,,,,,,
a_refine_cap0_loss,200.0,1.1210526315789473,0.7,0.0,0.9953844906753756,91.05263157894736,,,,,,,,,,,
b_refine_cap_increment,,0.7,0.7,,,,-0.004314396882603377,-0.0015046296296296,,,,,,,,,
b_refine_cap_increment,,0.7,0.7421052631578947,,,,-0.0011721815800966873,-0.0005787037037036999,,,,,,,,,
b_refine_cap_increment,,0.7,0.7842105263157895,,,,0.0019576676555616013,-0.00046296296296290004,,,,,,,,,
b_refine_cap_increment,,0.7,0.8263157894736841,,,,0.005047179062036222,-0.00034722222222229997,,,,,,,,,
b_refine_cap_increment,,0.7,0.8684210526315789,,,,0.008077217630411582,-0.0003472222222222,,,,,,,,,
b_refine_cap_increment,,0.7,0.9105263157894736,,,,0.011052964109459551,-0.0001157407407407,,,,,,,,,
b_refine_cap_increment,,0.7,0.9526315789473684,,,,0.013987976266319535,0.0,,,,,,,,,
b_refine_cap_increment,,0.7,0.9947368421052633,,,,0.016889797966228803,0.0,,,,,,,,,
b_refine_cap_increment,,0.7,1.0368421052631578,,,,0.019782928920329734,0.0,,,,,,,,,
b_refine_cap_increment,,0.7,1.0789473684210529,,,,0.02265098323905379,0.0,,,,,,,,,
b_refine_cap_increment,,0.7,1.1210526315789473,,,,0.025461117995396965,0.0,,,,,,,,,
b_refine_cap_increment,,0.7421052631578947,0.7,,,,-0.003035545873118606,-0.0015046296296295997,,,,,,,,,
b_refine_cap_increment,,0.7421052631578947,0.7421052631578947,,,,5.678838139966391e-05,-0.00046296296296299995,,,,,,,,,
b_refine_cap_increment,,0.7421052631578947,0.7842105263157895,,,,0.003110619672835213,-0.0003472222222222,,,,,,,,,
b_refine_cap_increment,,0.7421052631578947,0.8263157894736841,,,,0.0061010787290072255,-0.00034722222222219996,,,,,,,,,
b_refine_cap_increment,,0.7421052631578947,0.8684210526315789,,,,0.009044904968040779,-0.0002314814814814,,,,,,,,,
b_refine_cap_increment,,0.7421052631578947,0.9105263157894736,,,,0.011938425931424024,0.0,,,,,,,,,
b_refine_cap_increment,,0.7421052631578947,0.9526315789473684,,,,0.014786355210379742,0.0,,,,,,,,,
b_refine_cap_increment,,0.7421052631578947,0.9947368421052633,,,,0.017610602726557456,0.0,,,,,,,,,
b_refine_cap_increment,,0.7421052631578947,1.0368421052631578,,,,0.02043520089865236,0.0,,,,,,,,,
b_refine_cap_increment,,0.7421052631578947,1.0789473684210529,,,,0.02323691149153273,0.0,,,,,,,,,
b_refine_cap_increment,,0.7842105263157895,0.7,,,,-0.0018631855777675455,-0.0010416666666666998,,,,,,,,,
b_refine_cap_increment,,0.7842105263157895,0.7421052631578947,,,,0.001171092910408733,-0.0004629629629629001,,,,,,,,,
b_refine_cap_increment,,0.7842105263157895,0.7842105263157895,,,,0.0041416226884966045,-0.00023148148148149998,,,,,,,,,
b_refine_cap_increment,,0.7842105263157895,0.8263157894736841,,,,0.0070288546309413835,-0.0002314814814815,,,,,,,,,
b_refine_cap_increment,,0.7842105263157895,0.8684210526315789,,,,0.00986907205979115,-0.0001157407407407,,,,,,,,,
b_refine_cap_increment,,0.7842105263157895,0.9105263157894736,,,,0.012685775222099238,0.0,,,,,,,,,
b_refine_cap_increment,,0.7842105263157895,0.9526315789473684,,,,0.015455599077671467,0.0,,,,,,,,,
b_refine_cap_increment,,0.7842105263157895,0.9947368421052633,,,,0.018213159831898862,0.0,,,,,,,,,
b_refine_cap_increment,,0.7842105263157895,1.0368421052631578,,,,0.020973073923594265,0.0,,,,,,,,,
b_refine_cap_increment,,0.8263157894736841,0.7,,,,-0.0008025934822275538,-0.0009259259259259,,,,,,,,,
b_refine_cap_increment,,0.8263157894736841,0.7421052631578947,,,,0.0021650822016473503,-0.00034722222222220006,,,,,,,,,
b_refine_cap_increment,,0.8263157894736841,0.7842105263157895,,,,0.005039872342081031,-0.00034722222222229997,,,,,,,,,
b_refine_cap_increment,,0.8263157894736841,0.8263157894736841,,,,0.007823075870629581,-0.0003472222222222,,,,,,,,,
b_refine_cap_increment,,0.8263157894736841,0.8684210526315789,,,,0.010555752524243678,-0.0001157407407407,,,,,,,,,
b_refine_cap_increment,,0.8263157894736841,0.9105263157894736,,,,0.013292903742396778,0.0,,,,,,,,,
b_refine_cap_increment,,0.8263157894736841,0.9526315789473684,,,,0.01599786282965443,0.0,,,,,,,,,
b_refine_cap_increment,,0.8263157894736841,0.9947368421052633,,,,0.018692499407704677,0.0,,,,,,,,,
b_refine_cap_increment,,0.8684210526315789,0.7,,,,0.00013276029787423482,-0.0008101851851851999,,,,,,,,,
b_refine_cap_increment,,0.8684210526315789,0.7421052631578947,,,,0.003022330924803196,-0.00034722222222220006,,,,,,,,,
b_refine_cap_increment,,0.8684210526315789,0.7842105263157895,,,,0.005800335661851341,-0.00034722222222229997,,,,,,,,,
b_refine_cap_increment,,0.8684210526315789,0.8263157894736841,,,,0.008476296019873097,-0.0002314814814814,,,,,,,,,
b_refine_cap_increment,,0.8684210526315789,0.8684210526315789,,,,0.011100898225360867,0.0,,,,,,,,,
b_refine_cap_increment,,0.8684210526315789,0.9105263157894736,,,,0.013751080739487387,0.0,,,,,,,,,
b_refine_cap_increment,,0.8684210526315789,0.9526315789473684,,,,0.016417493884560708,0.0,,,,,,,,,
b_refine_cap_increment,,0.9105263157894736,0.7,,,,0.0009406254719399598,-0.0005787037037036999,,,,,,,,,
b_refine_cap_increment,,0.9105263157894736,0.7421052631578947,,,,0.003736018467279556,-0.0003472222222222,,,,,,,,,
b_refine_cap_increment,,0.9105263157894736,0.7842105263157895,,,,0.006410831018585195,-0.00034722222222219996,,,,,,,,,
b_refine_cap_increment,,0.9105263157894736,0.8263157894736841,,,,0.008967542745003332,-0.0001157407407407,,,,,,,,,
b_refine_cap_increment,,0.9105263157894736,0.8684210526315789,,,,0.01149422681886425,0.0,,,,,,,,,
b_refine_cap_increment,,0.9105263157894736,0.9105263157894736,,,,0.014074018328347648,0.0,,,,,,,,,
b_refine_cap_increment,,0.9526315789473684,0.7,,,,0.001602465046933954,-0.00046296296296299995,,,,,,,,,
b_refine_cap_increment,,0.9526315789473684,0.7421052631578947,,,,0.004295860064976065,-0.000462962962963,,,,,,,,,
b_refine_cap_increment,,0.9526315789473684,0.7842105263157895,,,,0.0068554985188731266,-0.0002314814814815,,,,,,,,,
b_refine_cap_increment,,0.9526315789473684,0.8263157894736841,,,,0.009287667883179473,-0.0001157407407407,,,,,,,,,
b_refine_cap_increment,,0.9526315789473684,0.8684210526315789,,,,0.011733117401661941,0.0,,,,,,,,,
b_refine_cap_increment,,0.9947368421052633,0.7,,,,0.0021018320062976548,-0.00034722222222220006,,,,,,,,,
b_refine_cap_increment,,0.9947368421052633,0.7421052631578947,,,,0.0046840367826653795,-0.000462962962963,,,,,,,,,
b_refine_cap_increment,,0.9947368421052633,0.7842105263157895,,,,0.007125268687531827,-0.0003472222222222,,,,,,,,,
b_refine_cap_increment,,0.9947368421052633,0.8263157894736841,,,,0.009470239547735515,-0.0001157407407407,,,,,,,,,
b_refine_cap_increment,,1.0368421052631578,0.7,,,,0.0024703692354157702,-0.00034722222222220006,,,,,,,,,
b_refine_cap_increment,,1.0368421052631578,0.7421052631578947,,,,0.0049357164366256034,-0.00046296296296299995,,,,,,,,,
b_refine_cap_increment,,1.0368421052631578,0.7842105263157895,,,,0.0072746741343123755,-0.0002314814814814,,,,,,,,,
b_refine_cap_increment,,1.0789473684210529,0.7,,,,0.00273247389581055,-0.00046296296296290004,,,,,,,,,
b_refine_cap_increment,,1.0789473684210529,0.7421052631578947,,,,0.005087878519307254,-0.0002314814814815,,,,,,,,,
b_refine_cap_increment,,1.1210526315789473,0.7,,,,0.0028851060889796276,-0.0003472222222222,,,,,,,,,
c_confirm_equal_resource_pairs,,,,,,72.105263,,,0.8766879295615375,0.8865134889335698,1.1083372666841174,0.7421052631578947,0.7,0.0,0.7,0.7421052631578947,0.0
c_confirm_equal_resource_pairs,,,,,,72.605263,,,0.8737510527281859,0.8854509447928526,1.3213484195224214,0.7421052631578947,0.7,0.25,0.7,0.7421052631578947,0.25
c_confirm_equal_resource_pairs,,,,,,73.105263,,,0.8966265649000148,0.9104699069381748,1.5204612401428865,0.7421052631578947,0.7,0.5,0.7,0.7421052631578947,0.5
c_confirm_equal_resource_pairs,,,,,,73.605263,,,0.9454535541523686,0.9616952269940618,1.6888586306557063,0.7421052631578947,0.7,0.75,0.7,0.7421052631578947,0.75
c_confirm_equal_resource_pairs,,,,,,74.105263,,,1.018413905259555,1.037546217930501,1.8439961844887673,0.7421052631578947,0.7,1.0,0.7,0.7421052631578947,1.0
c_confirm_equal_resource_pairs,,,,,,74.210526,,,0.8853055815596148,0.9071180993618778,2.4045951478211345,0.7842105263157895,0.7,0.0,0.7,0.7842105263157895,0.0
c_confirm_equal_resource_pairs,,,,,,74.710526,,,0.8835487978162303,0.8946412767471612,1.239880074756019,0.7842105263157895,0.7,0.25,0.7421052631578947,0.7421052631578947,0.25
